Year,Month,Country,all_Northing,all_Easting,possible_treatment_Location,T_area (ha),Lat,Lon
2019,Mar,SUDAN,"['1745N', '2034N']","['3820E', '3702E']",Bir Salalah,25950,20.34,37.02
2019,Mar,ERITREA,"['1537N', '1628N', '1723N']","['3928E', '3856E', '3833E']",Mehimet,7115,17.23,38.33
2019,Mar,EGYPT,"['2224N', '2213N', '2359N', '412N', '2504N', '2717N', '2154N']","['3624E', '3638E', '3524E', '3438E', '3454E', '3347E', '2458E']",Uweinat,4021,21.54,24.58
2019,Mar,SAUDI ARABIA,"['2501N', '2008N', '2215N', '2700N', '2621N']","['3716E', '4016E', '3906E', '4939E', '4358E']",Gassim,45705,26.21,43.58
2019,Mar,IRAN,"['2708N', '2517N', '2854N', '2634N', '2652N']","['5705E', '6036E', '5050E', '5452E', '5329E']",area,2760,26.52,53.29
2019,Mar,PAKISTAN,"['2548N', '2515N', '2749N']","['6637E', '6328E', '6639E']",Khuzdar,345,27.49,66.39
2019,Jul,ALGERIA,"['3341N', '2916N', '2712N', '2250N']","['0102E', '0014E', '0229E', '0528E']",Tamanrasset,115,22.50,05.28
2019,Jul,SUDAN,"['1906N', '1533N', '1742N', '1311N', '1426N', '1830N', '1932N']","['3719E', '3235E', '3400E', '3010E', '3112E', '3149E', '3320E']",Abu Hamed,1180,19.32,33.20
2019,Jul,EGYPT,"['2219N', '2224N', '2405N', '2357N', '2710N', '2821N']","['2845E', '3624E', '3256E', '3018E', '2818E', '2851E']",Bahariya,4,28.21,28.51
2019,Jul,SAUDI ARABIA,"['2028N', '2001N', '1813N', '2439N', '2731N', '2733N']","['4747E', '4129E', '4230E', '4642E', '4141E', '4742E']",Al Olaya,1300,27.33,47.42
2019,Jul,YEMEN,"['1610N', '1452N', '1302N', '1306N', '1541N', '1521N', '1527N', '1717N']","['4446E', '4545E', '4434E', '4523E', '4300E', '4412E', '4519E', '4955E']",Thamud,4605,17.17,49.55
2019,Jul,OMAN,"['1736N', '1700N', '2230N', '2234N']","['5401E', '5405E', '5802E', '5930E']",Sur,25,22.34,59.30
2019,Jul,PAKISTAN,"['2933N', '2614N', '2512N', '2749N', '2739N', '2751N', '2822N', '2506N', '2431N', '2924N']","['6601E', '6619E', '6438E', '6639E', '6857E', '7048E', '7020E', '7015E', '7046E', '7147E']",Bahawalpur,7666,29.24,71.47
2019,Jul,INDIA,"['2543N', '2818N']","['7125E', '7458E']",Churu,26764,28.18,74.58
2020,Sep,SUDAN,"['1827N', '1820N', '1731N', '1337N', '1423N', '1426N', '1641N', '1910N']","['3741E', '3621E', '3607E', '2522E', '2906E', '3112E', '3322E', '3027E']",Dongola,9900,19.10,30.27
2020,Sep,ERITREA,"['1519N', '1612N', '1626N', '1515N', '1507N', '1301N', '1551N', '1604N', '1615N', '1723N']","['3856E', '3841E', '3840E', '3937E', '4004E', '4247E', '3903E', '3725E', '3803E', '3833E']",Mehimet,5013,17.23,38.33
2020,Sep,ETHIOPIA,"['1108N', '1329N', '1148N', '0935N', '0703N', '0922N', '0644N', '0557N', '1100N', '1157N']","['3938E', '3928E', '4100E', '4150E', '3828E', '4250E', '4416E', '4333E', '4206E', '4317E']",Obock,57457,11.57,43.17
2020,Sep,SOMALIA,"['0931N', '0930N', '1040N', '1017N', '0956N', '0532N']","['4402E', '4905E', '4720E', '5014E', '4313E', '4623E']",Mareb,17477,05.32,46.23
2020,Sep,KENYA,[],[],Location Missing,2100,Missing,Missing
2020,Sep,SAUDI ARABIA,"['1729N', '1656N']","['4408E', '4233E']",Jizan,15100,16.56,42.33
2020,Sep,YEMEN,"['1610N', '1527N', '1452N', '1430N', '1559N', '1306N', '1521N', '1541N', '1600N']","['4446E', '4519E', '4545E', '4629E', '4844E', '4523E', '4412E', '4300E', '4312E']",Suq Abs,5828,16.00,43.12
2020,Sep,PAKISTAN,"['2523N', '2507N', '2924N', '2751N', '2548N']","['6822E', '7015E', '7147E', '7048E', '6637E']",Uthal,3645,25.48,66.37
2019,Apr,MAURITANIA,"['1945N', '2032N', '2027N']","['1421W', '1308W', '1221W']",Chinguetti,88,20.27,-12.21
2019,Apr,EGYPT,"['2224N', '2213N', '2217N', '2359N', '2504N']","['3624E', '3638E', '3546E', '3524E', '3454E']",Alam,7470,25.04,34.54
2019,Apr,SAUDI ARABIA,"['2501N', '2615N', '2346N', '2215N', '2008N', '2439N', '2621N', '2700N', '2731N', '2028N', '1729N']","['3716E', '3627E', '3847E', '3906E', '4016E', '4642E', '4358E', '4939E', '4141E', '4747E', '4408E']",Najran,27812,17.29,44.08
2019,Apr,IRAN,"['2634N', '2711N', '2757N', '2712N', '3133N', '2540N', '2517N', '2854N', '2708N']","['5452E', '5619E', '5742E', '6042E', '6002E', '5746E', '6036E', '5050E', '5705E']",Minab,86570,27.08,57.05
2019,Apr,PAKISTAN,"['2515N', '2508N', '2600N', '2658N', '2832N', '2749N', '2548N', '2512N']","['6328E', '6219E', '6303E', '6406E', '6526E', '6639E', '6637E', '6438E']",Ormara,540,25.12,64.38
2021,Oct,ETHIOPIA,"['1136N', '1148N', '0935N', '0922N', '0658N', '0644N', '0550N', '0518N', '0515N']","['4001E', '4100E', '4150E', '4250E', '4520E', '4416E', '4205E', '4245E', '4444E']",Mustakhil,138,05.15,44.44
2021,Oct,SOMALIA,"['0930N', '0824N', '0931N', '0444N']","['4905E', '4829E', '4533E', '4512E']",Weyne,7486,04.44,45.12
2021,Oct,SUDAN,"['1438N', '1554N', '1426N', '1641N', '1910N', '1527N', '1855N']","['2756E', '3027E', '3112E', '3322E', '3027E', '3623E', '3648E']",Sinkat,346,18.55,36.48
2021,May,ALGERIA,"['2712N', '2643N', '2753N', '2250N', '3135N']","['0229E', '0010E', '0017W', '0528E', '0217W']",Bechar,32,31.35,-02.17
2021,May,SUDAN,"['1827N', '1932N', '1910N']","['3741E', '3320E', '3027E']",Dongola,2868,19.10,30.27
2021,May,ETHIOPIA,"['0922N', '0644N', '1045N']","['4250E', '4416E', '4234E']",Ayasha,12663,10.45,42.34
2021,May,SOMALIA,"['0931N', '1041N', '1028N', '1017N', '0930N', '0646N']","['4533E', '4356E', '4502E', '5014E', '4905E', '4725E']",Galkayo,18304,06.46,47.25
2021,May,SAUDI ARABIA,"['2439N', '2731N', '2948N', '2700N', '2430N', '2637N', '1819N']","['4642E', '4141E', '3952E', '4939E', '3935E', '3755E', '4245E']",Mushait,11156,18.19,42.45
2021,May,JORDAN,"['3150N', '3019N', '3102N']","['3649E', '3610E', '73528E']",Al Jafr,300,30.19,36.10
2021,May,LEBANON,"['3416N', '3410N', '3350N']","['3625E', '3625E', '3554E']",Zahle,31,33.50,35.54
2021,May,IRAN,"['2934N', '3034N']","['5031E', '4911E']",Mahshahr,6370,30.34,49.11
2019,Nov,ALGERIA,"['2753N', '2712N', '2630N', '2434N', '2250N', '1937N', '2119N', '1957N']","['0017W', '0229E', '0825E', '0930E', '0528E', '0552E', '0057E', '0258E']",Tin Zaouatene,272,19.57,02.58
2019,Nov,SUDAN,"['1554N', '1801N', '1527N', '1731N', '2054N', '1745N']","['3027E', '3400E', '3623E', '3607E', '3709E', '3820E']",Karora,27165,17.45,38.20
2019,Nov,ERITREA,"['1515N', '1548N', '1551N', '1537N']","['3937E', '3918E', '3903E', '3928E']",Massawa,6060,15.37,39.28
2019,Nov,ETHIOPIA,"['0935N', '1045N', '0922N', '0658N', '0537N']","['4150E', '4234E', '4250E', '4520E', '4408E']",efalo,10822,05.37,44.08
2019,Nov,SAUDI ARABIA,"['2008N', '1909N', '1656N', '2130N', '2309N', '2501N', '1729N', '2028N']","['4016E', '4107E', '4233E', '3910E', '3851E', '3716E', '4408E', '4747E']",Dawasir,7770,20.28,47.47
2019,Nov,YEMEN,"['1541N', '1600N', '1303N', '1333N']","['4300E', '4312E', '4453E', '4644E']",Ahwar,5760,13.33,46.44
2019,Nov,OMAN,"['1939N', '2323N', '2232N', '2314N']","['5743E', '5725E', '5948E', '5630E']",Ibri,116,23.14,56.30
2019,Nov,IRAN,"['2534N', '2604N']","['5923E', '6144E']",Pishin,1511,26.04,61.44
2019,Nov,PAKISTAN,"['2450N', '2614N']","['6702E', '6619E']",Lasbela,60970,26.14,66.19
2021,Sep,ETHIOPIA,"['1148N', '1136N', '1329N', '0935N', '1045N', '0922N']","['4100E', '4001E', '3928E', '4150E', '4234E', '4250E']",Jijiga,3657,09.22,42.50
2021,Sep,SOMALIA,"['0956N', '0931N', '1040N', '1017N', '1058N']","['4313E', '4402E', '4720E', '5014E', '4326E']",Silil,9972,10.58,43.26
2021,Sep,SUDAN,"['1311N', '1554N', '1527N', '1803N', '1910N', '2147N']","['3010E', '3027E', '3623E', '3057E', '3027E', '3122E']",Halfa,1400,21.47,31.22
2020,May,ETHIOPIA,"['0550N', '0813N', '0935N', '1045N', '1329N']","['4205E', '4333E', '4150E', '4234E', '3928E']",Mekele,57058,13.29,39.28
2020,May,SOMALIA,"['0956N', '1017N', '0824N', '0646N', '0532N', '1028N', '1023N']","['4313E', '5014E', '4829E', '4725E', '4623E', '4502E', '4425E']",Bulhar,10245,10.23,44.25
2020,May,KENYA,"['2625N', '2523N', '2028N', '1729N', '2731N', '2948N']","['5003E', '4935E', '4747E', '4408E', '4141E', '3952E']",Al Jawf,9015,29.48,39.52
2020,May,SAUDI ARABIA,"['2625N', '2523N', '2028N', '1729N', '2731N', '2948N']","['5003E', '4935E', '4747E', '4408E', '4141E', '3952E']",Al Jawf,9015,29.48,39.52
2020,May,OMAN,"['2323N', '2232N', '2415N', '2518N', '2421N']","['5725E', '5948E', '5547E', '5620E', '5644E']",Sohar,1385,24.21,56.44
2020,May,UAE,"['2324N', '2413N', '2445N', '2516N', '2421N']","['5525E', '5545E', '5548E', '5518E', '5136E']",Ras Ghumais,4537,24.21,51.36
2020,May,IRAQ,"['3236N', '3103N']","['4401E', '4616E']",Nasiriyah,101,31.03,46.16
2020,May,IRAN,"['2854N', '2634N', '2540N', '2721N', '2930N', '3235N']","['5050E', '5452E', '5746E', '6220E', '6051E', '5948E']",Sarbisheh,101138,32.35,59.48
2020,May,PAKISTAN,"['2658N', '3015N', '2515N', '2739N']","['6406E', '6700E', '6328E', '6857E']",Rohri,76466,27.39,68.57
2020,May,INDIA,"['2627N', '2243N', '2654N', '2434N', '2109N']","['7438E', '7551E', '7548E', '8035E', '7905E']",Nagpur,53604,21.09,79.05
2020,Oct,SUDAN,"['1820N', '1932N', '1827N', '1745N', '2002N', '2119N']","['3621E', '3320E', '3741E', '3820E', '3551E', '3613E']",Suﬁ ya,52912,21.19,36.13
2020,Oct,ERITREA,"['1604N', '1441N', '1723N', '1551N', '1515N', '1519N']","['3725E', '4057E', '3833E', '3903E', '3937E', '3856E']",Asmara,10354,15.19,38.56
2020,Oct,ETHIOPIA,"['1108N', '1329N', '1148N', '0935N', '0922N', '0644N', '0901N', '0832N', '1407N', '0658N']","['3938E', '3928E', '4100E', '4150E', '4250E', '4416E', '3916E', '3843E', '4520E']",Warder,335453,06.58,45.20
2020,Oct,SOMALIA,"['0824N', '0930N', '0444N', '0202N', '0532N', '0646N', '0956N', '0931N']","['4829E', '4905E', '4512E', '4520E', '4623E', '4725E', '4313E', '4402E']",argeisa,12974,09.31,44.02
2020,Oct,KENYA,[],[],Location Missing,318,Missing,Missing
2020,Oct,SAUDI ARABIA,"['1656N', '1909N', '2008N', '2346N']","['4233E', '4107E', '4016E', '3847E']",Bader,21290,23.46,38.47
2020,Oct,YEMEN,"['1610N', '1452N', '1435N', '1416N', '1522N', '1521N', '1358N', '1341N', '1405N', '1541N', '1600N', '1410N']","['4446E', '4545E', '4649E', '4735E', '4700E', '4412E', '4411E', '4443E', '4542E', '4300E', '4312E', '4318E']",Zabid,4609,14.10,43.18
2020,Oct,IRAN,"['2540N', '2636N']","['5746E', '5753E']",Gouharan,4,26.36,57.53
2020,Oct,PAKISTAN,"['2507N', '2523N', '2751N', '2548N']","['7015E', '6821E', '7048E', '6637E']",Uthal,220,25.48,66.37
2019,Feb,SUDAN,"['1938N', '1910N']","['3713E', '3027E']",Dongola,38207,19.10,30.27
2019,Feb,ERITREA,"['1723N', '1515N']","['3833E', '3937E']",Foro,22219,15.15,39.37
2019,Feb,EGYPT,"['2224N', '2308N', '2213N', '2247N', '2219N', '2317N']","['3624E', '3535E', '3638E', '3126E', '3138E', '3252E']",Husein,4022,23.17,32.52
2019,Feb,SAUDI ARABIA,"['2008N', '2615N', '2215N', '2309N', '2405N', '2700N', '2248N', '2621N']","['4016E', '3627E', '3906E', '3851E', '3802E', '4939E', '4210E', '4358E']",Gassim,18468,26.21,43.58
2019,Feb,IRAN,"['2652N', '2634N', '2708N', '2854N', '2731N', '2540N']","['5329E', '5452E', '5705E', '5050E', '5752E', '5746E']",ask,4582,25.40,57.46
2019,Jun,ALGERIA,"['3341N', '2753N', '2712N', '2250N', '3135N']","['0102E', '0017W', '0229E', '0528E', '0217W']",Bechar,399,31.35,-02.17
2019,Jun,SUDAN,"['1932N', '1910N', '1533N']","['3320E', '3027E', '3235E']",Khartoum,3700,15.33,32.35
2019,Jun,EGYPT,"['2247N', '2405N', '2448N', '2357N', '2525N']","['3126E', '3256E', '3035E', '3018E', '3034E']",Kharga,604,25.25,30.34
2019,Jun,SAUDI ARABIA,"['2028N', '2948N', '2823N', '2731N', '2439N', '2733N', '1813N']","['4747E', '3952E', '3635E', '4141E', '4642E', '4742E', '4230E']",Abha,39270,18.13,42.30
2019,Jun,YEMEN,"['1521N', '1358N', '1609N', '1452N', '1250N', '1600N']","['4412E', '4411E', '4446E', '4545E', '4503E', '4312E']",Suq Abs,5,16.00,43.12
2019,Jun,IRAN,"['2540N', '3231N']","['5746E', '4722E']",Mousiyan,247270,32.31,47.22
2019,Jun,PAKISTAN,"['2614N', '2600N', '2508N', '2856N', '2739N', '2751N']","['6619E', '6303E', '6219E', '6430E', '6857E', '7048E']",Islamgarh,8684,27.51,70.48
2019,Jun,INDIA,"['2706N', '2649N']","['7222E', '7030E']",Sam,3991,26.49,70.30
2021,Aug,SOMALIA,"['0931N', '1023N', '1040N', '1017N', '0646N']","['4402E', '4425E', '4720E', '5014E', '4725E']",Galkayo,11985,06.46,47.25
2021,Aug,SUDAN,"['1438N', '1426N', '1554N', '1734N', '1527N', '1910N', '1932N', '1803N', '1423N']","['2756E', '3112E', '3027E', '3358E', '3623E', '3027E', '3320E', '3057E', '2906E']",Sodiri,180,14.23,29.06
2019,Jan,MAURITANIA,['2003N'],['1301W'],Oujeft,100,20.03,-13.01
2019,Jan,SUDAN,"['1938N', '1827N', '1753N', '2002N', '1830N', '1910N']","['3713E', '3741E', '3819E', '3551E', '3149E', '3027E']",Dongola,34028,19.10,30.27
2019,Jan,ERITREA,"['1723N', '1616N']","['3833E', '3911E']",Cuba,6965,16.16,39.11
2019,Jan,EGYPT,"['2308N', '2359N', '2224N', '2213N', '2247N', '2219N', '2317N']","['3535E', '3524E', '3624E', '3638E', '3126E', '3138E', '3252E']",arf Husein,1660,23.17,32.52
2019,Jan,SAUDI ARABIA,"['2008N', '2405N', '2309N', '2215N', '2028N', '2206N', '2315N', '2523N', '1729N', '1729N']","['4016E', '3802E', '3851E', '3906E', '4747E', '4657E', '4859E', '4941E', '4408E', '4706E']",Sharawrah,12165,17.29,47.06
2019,Dec,MAURITANIA,"['1928N', '2003N']","['1525W', '1301W']",Oujeft,93,20.03,-13.01
2019,Dec,ALGERIA,"['1937N', '2753N', '2119N', '1957N']","['0552E', '0017W', '0057E', '0258E']",Tin Zaouatene,25,19.57,02.58
2019,Dec,SUDAN,"['1554N', '1801N', '2145N', '2054N', '1938N']","['3027E', '3400E', '3644E', '3709E', '3713E']",Sudan,26846,19.38,37.13
2019,Dec,ERITREA,"['1515N', '1723N']","['3937E', '3833E']",Mehimet,11078,17.23,38.33
2019,Dec,ETHIOPIA,"['0935N', '1045N', '0922N', '0813N', '0658N', '0644N', '0557N', '0537N']","['4150E', '4234E', '4250E', '4333E', '4520E', '4416E', '4333E', '4408E']",efalo,8410,05.37,44.08
2019,Dec,EGYPT,"['2308N', '2359N', '2504N', '2247N']","['3535E', '3524E', '3454E', '3126E']",Tushka,30,22.47,31.26
2019,Dec,SAUDI ARABIA,"['1656N', '2008N', '1909N', '1813N', '1729N', '2621N', '2731N', '2501N']","['4233E', '4016E', '4107E', '4230E', '4408E', '4358E', '4141E', '3716E']",Umm Lajj,43798,25.01,37.16
2019,Dec,YEMEN,"['1541N', '1600N', '1454N', '1401N', '1612N']","['4300E', '4312E', '4312E', '4820E', '5210E']",Al Ghaydah,80,16.12,52.10
2019,Dec,OMAN,"['2232N', '1939N']","['5948E', '5743E']",Duqm,1710,19.39,57.43
2019,Dec,IRAN,"['2708N', '2517N', '2711N']","['5705E', '6036E', '6028E']",Bampur,2372,27.11,60.28
2019,Dec,PAKISTAN,['3015N'],['6700E'],Quetta,71388,30.15,67.00
2019,Dec,INDIA,"['2706N', '2543N', '2410N', '2312N']","['7222E', '7125E', '7226E', '6954E']",Bhuj,22113,23.12,69.54
2020,Aug,ERITREA,"['1604N', '1536N', '1450N', '1451N', '1519N', '1640N', '1441N', '1301N']","['3725E', '3905E', '3951E', '3922E', '3856E', '3828E', '4057E', '4247E']",Assab,1310,13.01,42.47
2020,Aug,ETHIOPIA,"['0935N', '1045N', '0922N', '1148N', '1108N', '1329N']","['4150E', '4234E', '4250E', '4100E', '3938E', '3928E']",Mekele,54703,13.29,39.28
2020,Aug,SOMALIA,"['0931N', '0956N', '1023N', '1058N', '1017N', '1040N', '0532N', '0646N']","['4402E', '4313E', '4425E', '4326E', '5014E', '4720E', '4623E', '4725E']",Galkayo,8800,06.46,47.25
2020,Aug,KENYA,[],[],Location Missing,5454,Missing,Missing
2020,Aug,SUDAN,"['0446N', '0440N', '0445N', '0425N']","['3335E', '3339E', '3339E', '3312E']",Naguri,250,04.25,33.12
2020,Aug,SAUDI ARABIA,"['1729N', '1656N']","['4408E', '4233E']",Jizan,1355,16.56,42.33
2020,Aug,YEMEN,"['1610N', '1430N', '1608N', '1559N', '1542N', '1431N', '1521N', '1746N', '1416N', '1306N', '1333N', '1600N', '1410N']","['4446E', '4629E', '4714E', '4844E', '4817E', '4908E', '4412E', '5229E', '4735E', '4523E', '4644E', '4312E', '4318E']",Abs Zabid,5909,14.10,43.18
2020,Aug,OMAN,"['1700N', '1736N', '2234N', '2415N']","['5405E', '5401E', '5930E', '5547E']",Buraimi,58,24.15,55.47
2020,Aug,PAKISTAN,"['2507N', '2421N', '2751N', '2548N']","['7015E', '7045E', '7048E', '6637E']",Uthal,26381,25.48,66.37
2020,Aug,INDIA,"['2818N', '2919N']","['7458E', '7354E']",Suratgarh,49124,29.19,73.54
2019,Sep,ERITREA,"['1537N', '1548N', '1507N', '1551N']","['3928E', '3918E', '4004E', '3903E']",Sheib,53,15.51,39.03
2019,Sep,ETHIOPIA,"['1111N', '0935N', '1045N']","['4001E', '4150E', '4234E']",Ayasha,4636,10.45,42.34
2019,Sep,SAUDI ARABIA,"['1656N', '2008N']","['4233E', '4016E']",ith,4195,20.08,40.16
2019,Sep,YEMEN,"['1541N', '1619N', '1410N', '1527N', '1430N']","['4300E', '4248E', '4318E', '4519E', '4629E']",Nisab,245,14.30,46.29
2019,Sep,PAKISTAN,"['2751N', '2742N', '2542N', '2421N']","['7048E', '6854E', '7012E', '7045E']",Nagarparkar,30210,24.21,70.45
2019,Sep,INDIA,"['2543N', '2801N']","['7125E', '7322E']",Bikaner,84639,28.01,73.22
2020,Apr,ETHIOPIA,"['0602N', '0504N', '0520N', '0550N', '0935N', '0922N', '1045N']","['3733E', '3723E', '3935E', '4205E', '4150E', '4250E', '4234E']",Ayasha,99948,10.45,42.34
2020,Apr,SOMALIA,"['1023N', '0956N', '0931N', '0713N', '0532N']","['4425E', '4313E', '4533E', '4851E', '4623E']",Mareb,600,05.32,46.23
2020,Apr,KENYA,"['0105N', '0231N', '0318N']","['3411E', '3439E', '3253E']",Kitgum,14637,03.18,32.53
2020,Apr,SAUDI ARABIA,"['2523N', '2733N', '2218N', '2731N', '2948N']","['4935E', '4742E', '4643E', '4141E', '3952E']",Al Jawf,29868,29.48,39.52
2020,Apr,OMAN,"['2337N', '2333N', '2314N', '2415N', '2223N', '2234N', '1736N', '1641N']","['5833E', '5733E', '5630E', '5547E', '5731E', '5930E', '5401E', '5307E']",Sarfayt,4147,16.41,53.07
2020,Apr,UAE,"['2412N', '2421N']","['5538E', '5136E']",Ras Ghumais,1320,24.21,51.36
2020,Apr,IRAQ,"['3236N', '3158N', '3117N']","['4401E', '4453E', '4516E']",Samawah,815,31.17,45.16
2020,Apr,IRAN,"['2854N', '2634N', '2540N', '2517N', '2717N', '2731N', '2712N', '2930N', '3132N', '2901N']","['5050E', '5452E', '5746E', '6036E', '6159E', '5752E', '6042E', '6051E', '6002E', '6127E']",Mirjaveh,98658,29.01,61.27
2020,Apr,PAKISTAN,"['2749N', '2744N', '2933N', '2856N', '2658N', '2508N', '2515N', '2600N', '2742N', '7055N']","['6639E', '6448E', '6601E', '6430E', '6406E', '6219E', '6328E', '6303E', '6854E', '3150E']",Khan,50289,70.55,31.50
2020,Apr,INDIA,"['2955N', '3024N', '2652N']","['7353E', '7402E', '7055E']",Jaisalmer,1970,26.52,70.55
2020,Apr,AFGHANISTAN,"['3016N', '3057N']","['6203E', '6151E']",Zaranj,20,30.57,61.51
2020,Mar,SUDAN,"['1932N', '1832N', '1910N', '2122N']","['3320E', '3148E', '3027E', '2119E']",Oasis,870,21.22,21.19
2020,Mar,ERITREA,"['1441N', '1507N', '1537N']","['4057E', '4004E', '3928E']",Massawa,5640,15.37,39.28
2020,Mar,ETHIOPIA,['0935N'],['4150E'],Dawa,39656,09.35,41.50
2020,Mar,KENYA,[],[],Location Missing,33968,Missing,Missing
2020,Mar,UGANDA,"['0231N', '0318N']","['3439E', '3253E']",Kitgum,607,03.18,32.53
2020,Mar,EGYPT,"['2412N', '2224N']","['3438E', '3624E']",Abu Ramad,15,22.24,36.24
2020,Mar,SAUDI ARABIA,"['1909N', '2523N', '2733N', '2731N', '2948N', '4331N']","['4107E', '4935E', '4742E', '4141E', '3952E', '2938E']",Rafha,10390,43.31,29.38
2020,Mar,YEMEN,"['1450N', '1454N', '1541N', '1600N', '1302N', '1306N', '1333N', '1612N', '1746N', '1719N']","['4258E', '4312E', '4300E', '4312E', '4434E', '4523E', '4644E', '5210E', '5229E', '5205E']",Hat,3190,17.19,52.05
2020,Mar,OMAN,"['2337N', '2333N', '2415N', '2243N', '2223N', '1939N', '1808N', '2314N', '1736N']","['5833E', '5733E', '5547E', '5831E', '5731E', '5743E', '5516E', '5630E', '5401E']",Thumrait,1657,17.36,54.01
2020,Mar,IRAQ,"['3117N', '3031N']","['4516E', '4749E']",Basrah,1625,30.31,47.49
2020,Mar,PAKISTAN,"['2749N', '2933N', '2856N', '2832N', '2744N', '2658N', '2600N', '2515N', '2742N', '7055N', '2751N']","['6639E', '6601E', '6430E', '6526E', '6448E', '6406E', '6303E', '6328E', '6854E', '3150E', '7048E']",Islamgarh,27675,27.51,70.48
2020,Mar,IRAN,"['2657N', '2708N', '2540N', '2517N', '2711N']","['5527E', '5705E', '5746E', '6036E', '6028E']",Bampur,39676,27.11,60.28
2020,Jul,SUDAN,[],[],Location Missing,235,Missing,Missing
2020,Jul,ETHIOPIA,"['0504N', '0644N', '0935N', '0922N', '1108N', '1230N', '0504N', '1147N']","['3723E', '4416E', '4150E', '4250E', '3938E', '3931E', '3723E', '4100E']",Semera,44883,11.47,41.00
2020,Jul,SOMALIA,"['0931N', '0824N', '0931N', '1040N', '0956N', '0532N']","['4533E', '4829E', '4402E', '4720E', '4313E', '4623E']",Mareb,12569,05.32,46.23
2020,Jul,KENYA,[],[],Location Missing,12080,Missing,Missing
2020,Jul,UGANDA,['0231N'],['3439E'],Moroto,3080,02.31,34.39
2020,Jul,SAUDI ARABIA,"['1729N', '1819N']","['4408E', '4245E']",Mushait,440,18.19,42.45
2020,Jul,YEMEN,"['1521N', '1610N', '1430N', '1431N', '1512N', '1612N', '1656N', '1341N', '1250N', '1416N', '1306N', '1600N']","['4412E', '4446E', '4629E', '4908E', '5115E', '5210E', '4345E', '4443E', '4503E', '4735E', '4523E', '4312E']",Suq Abs,10718,16.00,43.12
2020,Jul,OMAN,"['1700N', '1736N', '2255N', '2415N']","['5405E', '5401E', '5731E', '5547E']",Buraimi,443,24.15,55.47
2020,Jul,IRAN,['3252N'],['5913E'],Birjand,1450,32.52,59.13
2020,Jul,PAKISTAN,"['2658N', '2600N', '2749N', '3015N', '2614N', '2421N']","['6406E', '6303E', '6639E', '6700E', '6619E', '7045E']",Nagarparkar,33599,24.21,70.45
2020,Jul,INDIA,"['2618N', '2818N']","['7308E', '7458E']",Churu,102645,28.18,74.58
2020,Jul,AFGHANISTAN,"['3336N', '3320N']","['6914E', '6956E']",Khost,304,33.20,69.56
2020,Nov,MAURITANIA,"['1809N', '1827N', '1945N', '2032N']","['1558W', '1444W', '1421W', '1308W']",Atar,258,20.32,-13.08
2020,Nov,NIGER,"['1843N', '1920N']","['0721E', '0546E']",Assamakka,1398,19.20,05.46
2020,Nov,ALGERIA,"['1934N', '2250N', '2753N']","['0546E', '0528E', '0017W']",Valley,167,27.53,-00.17
2020,Nov,SUDAN,"['1731N', '1820N', '2002N', '2119N', '2146N', '1827N', '2009N', '1533N', '1910N', '1932N']","['3607E', '3621E', '3551E', '3613E', '3651E', '3741E', '3706E', '3235E', '3027E', '3320E']",Abu Hamed,66488,19.32,33.20
2020,Nov,ERITREA,"['1640N', '1357N', '1441N', '1551N', '1616N', '1626N']","['3828E', '4138E', '4057E', '3903E', '3911E', '3840E']",Naro,8986,16.26,38.40
2020,Nov,ETHIOPIA,"['1108N', '1329N', '0922N', '0557N']","['3938E', '3928E', '4250E', '4333E']",Gode,85382,05.57,43.33
2020,Nov,SOMALIA,"['0956N', '0931N', '0931N', '1040N', '1023N', '0824N', '0930N', '0320N']","['4313E', '4402E', '4533E', '4720E', '4425E', '4829E', '4905E', '4213E']",Garbahare,30323,03.20,42.13
2020,Nov,KENYA,"['0324S', '0145N']","['3833E', '4003E']",Wajir,167,01.45,40.03
2020,Nov,EGYPT,"['2213N', '2308N', '2504N', '2247N', '2219N', '3131N']","['3638E', '3535E', '3454E', '3126E', '3138E', '2509E']",Salum,1225,31.31,25.09
2020,Nov,SAUDI ARABIA,"['1813N', '1729N', '2439N', '2625N', '2130N', '2125N', '2346N', '2115N', '2309N', '1909N']","['4230E', '4408E', '4642E', '5003E', '3910E', '3949E', '3847E', '4021E', '3851E', '4107E']",dah,5190,19.09,41.07
2020,Nov,YEMEN,"['1600N', '1410N', '1521N', '1610N', '1452N', '1302N', '1306N', '1333N', '1401N', '1416N']","['4312E', '4318E', '4412E', '4446E', '4545E', '4434E', '4523E', '4644E', '4820E', '4735E']",’,335,14.16,47.35
2020,Nov,IRAN,"['2540N', '2636N', '2854N']","['5746E', '5753E', '5050E']",Bushehr,79,28.54,50.50
2021,Apr,SUDAN,"['1906N', '1827N']","['3719E', '3741E']",Tokar,4640,18.27,37.41
2021,Apr,ETHIOPIA,"['0707N', '0935N', '0922N', '0813N']","['4000E', '4150E', '4250E', '4333E']",Bur,14370,08.13,43.33
2021,Apr,SOMALIA,"['0824N', '0930N', '0646N', '0828N', '1040N', '0931N', '0931N', '0956N']","['4829E', '4905E', '4725E', '4721E', '4720E', '4533E', '4402E', '4313E']",Boroma,5120,09.56,43.13
2021,Apr,KENYA,"['0017S', '0106N']","['3605E', '3642E']",Maralal,136,01.06,36.42
2021,Apr,EGYPT,"['2929N', '2902N', '2830N', '2224N', '2504N']","['3453E', '3440E', '3430E', '3624E', '3454E']",Alam,307,25.04,34.54
2021,Apr,SAUDI ARABIA,"['2731N', '2430N', '2625N', '2823N', '2542N', '2948N', '2821N', '2405N']","['4141E', '4422E', '5003E', '3635E', '3917E', '3952E', '4556E', '3802E']",enbo,8250,24.05,38.02
2021,Apr,KUWAIT,['2838N'],['4808E'],farm,2,28.38,48.08
2021,Apr,IRAQ,"['3302N', '3429N', '3420N']","['4017E', '4154E', '4111E']",im,140,34.20,41.11
2021,Apr,JORDAN,"['2920N', '3230N', '3157N', '3111N', '3150N', '3019N', '3102N']","['3602E', '3812E', '3556E', '3543E', '3649E', '3610E', '73528E']",Al Jafr,1500,30.19,36.10
2021,Apr,SYRIA,"['3434N', '3434N', '3520N', '3242N', '3409N', '3331N', '3558N', '3612N', '3531N', '3307N']","['4056E', '4054E', '4007E', '3634E', '3645E', '3618E', '3802E', '3709E', '3547E', '3549E']",Quneitra,2867,33.07,35.49
2021,Apr,LEBANON,"['3410N', '3416N', '3400N']","['3625E', '3625E', '3613E']",Baalbek,406,34.00,36.13
2021,Apr,IRAN,"['2854N', '3224N', '3021N']","['5050E', '4824E', '4817E']",Abadan,4718,30.21,48.17
2021,Jul,MOROCCO,['3154N'],['0425W'],Errachidia,30,31.54,-04.25
2021,Jul,SUDAN,"['1832N', '1423N', '1641N', '1527N', '1820N']","['3148E', '2906E', '3322E', '3623E', '3621E']",Haiya,525,18.20,36.21
2021,Jul,ETHIOPIA,"['1045N', '1105N']","['4234E', '3944E']",Kombolcha,3788,11.05,39.44
2021,Jul,DJIBOUTI,"['1100N', '1109N']","['4206E', '4242E']",Ali Sabieh,55,11.09,42.42
2021,Jul,SOMALIA,"['0931N', '1028N', '0956N', '0931N', '1023N']","['4402E', '4502E', '4313E', '4533E', '4425E']",Bulhar,27162,10.23,44.25
2021,Jul,EGYPT,"['2247N', '2224N']","['3126E', '3624E']",Abu Ramad,50,22.24,36.24
2021,Mar,SUDAN,"['1827N', '1906N', '1745N', '2002N', '1641N', '1803N']","['3741E', '3719E', '3820E', '3551E', '3322E', '3057E']",Ed Debba,7437,18.03,30.57
2021,Mar,ERITREA,"['1723N', '1548N', '1357N']","['3833E', '3918E', '4138E']",Idd,100,13.57,41.38
2021,Mar,SOMALIA,"['1040N', '1017N', '0956N']","['4720E', '5014E', '4313E']",Boroma,12396,09.56,43.13
2021,Mar,TANZANIA,"['0322S', '0244N']","['3642E', '3642E']",Longido,236,02.44,36.42
2021,Mar,SAUDI ARABIA,"['2215N', '2615N', '2731N', '2439N', '2733N', '2621N']","['3906E', '3627E', '4141E', '4642E', '4742E', '4358E']",Gassim,50120,26.21,43.58
2021,Mar,IRAN,"['2854N', '3224N']","['5050E', '4824E']",Dezful,1521,32.24,48.24
2021,Nov,EGYPT,['2308N'],['3535E'],Shalatyn,100,23.08,35.35
2021,Nov,ERITREA,"['1454N', '1616N']","['4018E', '3911E']",Cuba,97,16.16,39.11
2021,Nov,ETHIOPIA,"['0813N', '0550N', '0445N', '0403N', '0504N']","['4333E', '4205E', '3849E', '3819E', '3723E']",Teltele,2126,05.04,37.23
2021,Nov,SOMALIA,"['0930N', '0956N', '0956N', '0646N']","['4905E', '4313E', '4511E', '4725E']",Galkayo,18405,06.46,47.25
2021,Nov,SUDAN,"['1803N', '1801N', '2009N']","['3057E', '3400E', '3706E']",E,17735,20.09,37.06
2019,May,ALGERIA,"['2643N', '2712N', '2630N', '3135N', '2753N', '2250N']","['0010E', '0229E', '0825E', '0217W', '0017W', '0528E']",Tamanrasset,16,22.50,05.28
2019,May,EGYPT,"['2224N', '2219N', '2247N', '2317N', '2448N', '2405N']","['3624E', '3138E', '3126E', '3252E', '3035E', '3256E']",Aswan,401,24.05,32.56
2019,May,SAUDI ARABIA,"['2439N', '2621N', '2028N', '2248N', '2542N', '2731N', '2948N', '2523N', '2821N', '2501N']","['4642E', '4358E', '4747E', '4210E', '3917E', '4141E', '3952E', '4935E', '4556E', '3716E']",Umm Lajj,74237,25.01,37.16
2019,May,KUWAIT,['2832N'],['4759E'],Al-Wafra,15653,28.32,47.59
2019,May,JORDAN,"['3019N', '3050N']","['3610E', '3537E']",Taﬁ lah,2900,30.50,35.37
2019,May,IRAN,"['2657N', '2540N']","['5526E', '5746E']",Jask,346180,25.40,57.46
2019,May,PAKISTAN,"['2600N', '2508N', '2548N', '2832N', '2822N']","['6303E', '6219E', '6637E', '6526E', '7020E']",Khan,3025,28.22,70.20
2019,May,INDIA,"['2652N', '2706N', '2649N', '2801N']","['7055E', '7222E', '7030E', '7322E']",Bikaner,1560,28.01,73.22
2019,Oct,NIGER,"['1650N', '1905N', '1809N']","['0550E', '0824E', '0846E']",Timia,29,18.09,08.46
2019,Oct,ALGERIA,"['2630N', '2434N', '2250N', '1937N', '2643N', '2712N', '2119N']","['0825E', '0930E', '0528E', '0552E', '0010E', '0229E', '0057E']",Mokhtar,15,21.19,00.57
2019,Oct,SUDAN,"['1533N', '1910N', '1731N', '1820N', '1426N', '1527N']","['3235E', '3027E', '3607E', '3621E', '3112E', '3623E']",assala,3025,15.27,36.23
2019,Oct,ETHIOPIA,"['1111N', '0935N', '1045N', '1329N', '1407N', '0813N', '0658N', '0644N']","['4001E', '4150E', '4234E', '3928E', '3843E', '4333E', '4520E', '4416E']",Dehar,4064,06.44,44.16
2019,Oct,SAUDI ARABIA,"['1656N', '2008N']","['4233E', '4016E']",Lith,1805,20.08,40.16
2019,Oct,YEMEN,"['1541N', '1600N', '1458N', '1410N', '1303N', '1333N', '1302N', '1452N', '1542N', '1521N']","['4300E', '4312E', '4314E', '4318E', '4453E', '4644E', '4434E', '4545E', '4817E', '4412E']",’,32,15.21,44.12
2019,Oct,PAKISTAN,['2614N'],['6619E'],Lasbela,29930,26.14,66.19
2019,Oct,INDIA,"['2543N', '2801N', '2312N']","['7125E', '7322E', '6954E']",Bhuj,82944,23.12,69.54
2020,Feb,SUDAN,"['1753N', '1745N', '2146N', '1734N', '1830N']","['3811E', '3819E', '3820E', '3651E', '3358E', '3149E']",erowe,5050,18.30,31.49
2020,Feb,ERITREA,['1537N'],['3928E'],Massawa,12153,15.37,39.28
2020,Feb,ETHIOPIA,"['0831N', '0919N']","['3915E', '4206E']",Harar,41050,09.19,42.06
2020,Feb,EGYPT,"['2412N', '2308N', '2247N', '2219N']","['3438E', '3535E', '3126E', '3138E']",Abu Simbel,154,22.19,31.38
2020,Feb,SAUDI ARABIA,"['1909N', '1729N', '2523N', '2821N']","['4107E', '4408E', '4935E', '4556E']",Al Batin,22645,28.21,45.56
2020,Feb,YEMEN,"['1541N', '1600N', '1458N', '1303N', '1435N', '1452N', '1610N', '1521N', '1608N', '1542N']","['4300E', '4312E', '4314E', '4453E', '4649E', '4545E', '4446E', '4412E', '4714E', '4817E']",Hawra,1475,15.42,48.17
2020,Feb,OMAN,"['2234N', '2337N', '2333N', '1939N', '2223N', '2415N']","['5930E', '5833E', '5733E', '5743E', '5731E', '5547E']",Buraimi,2100,24.15,55.47
2020,Feb,IRAQ,"['3031N', '3103N']","['4749E', '4616E']",Nasiriyah,69,31.03,46.16
2020,Feb,UAE,['2429N'],['5217E'],Island,45,24.29,52.17
2020,Feb,IRAN,"['2708N', '2540N', '2534N', '2710N', '2605N']","['5705E', '5746E', '5923E', '5833E', '6145E']",Pishin,2617,26.05,61.45
2020,Feb,PAKISTAN,"['2749N', '2856N', '2600N', '2832N']","['6639E', '6430E', '6303E', '6526E']",Kharan,8299,28.32,65.26
2020,Feb,INDIA,"['2652N', '2919N', '2543N', '2706N']","['7055E', '7354E', '7125E', '7222E']",Phalodi,11420,27.06,72.22
2020,Jun,ETHIOPIA,"['0550N', '0813N', '0935N', '1045N', '0922N', '1009N', '1230N', '1329N', '1417N']","['4205E', '4333E', '4150E', '4234E', '4250E', '4039E', '3931E', '3928E', '3928E']",Adigrat,75219,14.17,39.28
2020,Jun,SOMALIA,"['0956N', '0931N', '0824N', '0646N', '0532N', '0931N']","['4313E', '4533E', '4829E', '4725E', '4623E', '4402E']",argeisa,19029,09.31,44.02
2020,Jun,KENYA,[],[],Location Missing,30830,Missing,Missing
2020,Jun,SAUDI ARABIA,"['2948N', '2731N', '1729N', '2028N', '1819N']","['3952E', '4141E', '4408E', '4747E', '4245E']",Mushait,5360,18.19,42.45
2020,Jun,YEMEN,"['1610N', '1452N', '1559N', '1521N', '1335N', '1250N', '1522N', '1727N']","['4446E', '4545E', '4844E', '4412E', '4401E', '4503E', '4700E', '5034E']",Remah,343,17.27,50.34
2020,Jun,OMAN,"['2255N', '2232N', '1700N']","['5731E', '5948E', '5405E']",Salalah,126,17.00,54.05
2020,Jun,UAE,"['2427N', '2308N']","['5421E', '5348E']",Oasis,198,23.08,53.48
2020,Jun,IRAN,"['2721N', '3235N']","['6220E', '5948E']",Sarbisheh,67689,32.35,59.48
2020,Jun,PAKISTAN,"['3150N', '2421N']","['7055E', '7045E']",Nagarparkar,47198,24.21,70.45
2020,Jun,INDIA,"['2519N', '2801N', '2543N', '2618N']","['8300E', '7322E', '7125E', '7308E']",Jodhpur,72109,26.18,73.08
2020,Jun,AFGHANISTAN,['3100N'],['6624E'],Boldak,2645,31.00,66.24
2021,Dec,EGYPT,['412N'],['3438E'],(,6,41.2,34.38
2021,Dec,ETHIOPIA,['0520N'],['3726E'],Konso,1956,05.20,37.26
2021,Dec,SOMALIA,"['0930N', '1028N', '1023N']","['4905E', '4502E', '4425E']",Bulhar,24356,10.23,44.25
2021,Dec,SUDAN,"['1803N', '2002N']","['3057E', '3551E']",omala,1550,20.02,35.51
2021,Jan,SUDAN,"['2002N', '1742N', '1753N', '2009N']","['3551E', '3400E', '3819E', '3706E']",E,7122,20.09,37.06
2021,Jan,ERITREA,"['1723N', '1519N', '1537N']","['3833E', '3856E', '3928E']",Massawa,2116,15.37,39.28
2021,Jan,ETHIOPIA,"['0919N', '0403N', '0922N', '0557N', '0410N', '0602N', '1148N', '1108N', '0644N']","['4206E', '3815E', '4250E', '4333E', '4203E', '3733E', '4100E', '3938E', '4416E']",Dehar,166158,06.44,44.16
2021,Jan,SOMALIA,"['1017N', '1118N']","['5014E', '4910E']",Bosaso,53665,11.18,49.10
2021,Jan,KENYA,"['0216S', '0313S']","['4054E', '4007E']",Malindi,39036,03.13,40.07
2021,Jan,TANZANIA,['0412S'],['3655E'],Naberera,450,04.12,36.55
2021,Jan,EGYPT,"['2308N', '2359N', '2609N', '2247N', '2219N', '2236N']","['3535E', '3524E', '3243E', '3126E', '3138E', '3318E']",Allaqi,755,22.36,33.18
2021,Jan,SAUDI ARABIA,"['1909N', '1656N', '2125N', '2247N', '2615N', '2008N', '1640N']","['4107E', '4233E', '3949E', '3901E', '3627E', '4016E', '4210E']",Island,47070,16.40,42.10
2021,Jun,ALGERIA,"['3034N', '2753N', '2643N', '2712N']","['0252E', '0017W', '0010E', '0229E']",In Salah,351,27.12,02.29
2021,Jun,SUDAN,"['1533N', '1910N', '1803N', '1527N', '1426N', '1554N', '1830N']","['3235E', '3027E', '3057E', '3623E', '3112E', '3027E', '3149E']",Merowe,330,18.30,31.49
2021,Jun,ETHIOPIA,"['1045N', '1148N', '1111N']","['4234E', '4100E', '4010E']",Bati,6436,11.11,40.10
2021,Jun,DJIBOUTI,"['1109N', '1118N', '1100N']","['4242E', '4255E', '4206E']",As-Eyla,10,11.00,42.06
2021,Jun,SOMALIA,"['0956N', '0931N', '0930N']","['4313E', '4533E', '4905E']",Gardo,80330,09.30,49.05
2021,Jun,SAUDI ARABIA,"['3119N', '2405N', '2823N', '2115N', '2000N', '1819N', '1813N']","['3721E', '3802E', '3635E', '4021E', '4236E', '4245E', '4230E']",Abha,2235,18.13,42.30
2021,Jun,YEMEN,"['1435N', '1452N', '1608N', '1522N', '1650N', '1717N', '1719N', '1610N', '1521N', '1656N']","['4649E', '4545E', '4714E', '4700E', '4812E', '4955E', '5205E', '4446E', '4412E', '4345E']",’,5,16.56,43.45
2021,Feb,SUDAN,"['2002N', '2119N', '1753N', '1827N', '1906N', '1841N', '1820N', '1641N', '1910N']","['3551E', '3613E', '3819E', '3741E', '3719E', '3724E', '3621E', '3322E', '3027E']",Dongola,16781,19.10,30.27
2021,Feb,ERITREA,"['1723N', '1548N', '1555N', '1515N', '1527N']","['3833E', '3918E', '3910E', '3937E']",Foro,1500,15.15,39.37
2021,Feb,ETHIOPIA,"['0403N', '0602N', '0922N', '0935N']","['3815E', '3733E', '4250E', '4150E']",Dawa,73838,09.35,41.50
2021,Feb,SOMALIA,"['0931N', '0931N', '1109N', '1118N', '1017N', '1040N', '0824N', '0202N']","['4402E', '4533E', '4811E', '4910E', '5014E', '4720E', '4829E', '4520E']",Mogadishu,21143,02.02,45.20
2021,Feb,KENYA,[],[],Location Missing,11349,Missing,Missing
2021,Feb,TANZANIA,"['0404S', '0244N', '0307N', '0322S']","['3708E', '3642E', '3703E', '3642E']",Arusha,638,03.22,36.42
2021,Feb,EGYPT,"['2213N', '2224N', '2504N', '2359N', '2247N', '2219N']","['3638E', '3624E', '3454E', '3524E', '3126E', '3138E']",Abu Simbel,30,22.19,31.38
2021,Feb,SAUDI ARABIA,"['2008N', '1656N', '2439N', '2731N', '2215N', '2615N', '2346N', '2733N']","['4016E', '4233E', '4642E', '4141E', '3906E', '3627E', '3847E', '4742E']",Al Ulya,104775,27.33,47.42
2020,Jan,MAURITANIA,"['1928N', '2003N']","['1525W', '1301W']",Oujeft,32,20.03,-13.01
2020,Jan,SUDAN,"['2145N', '1827N', '1745N', '1910N']","['3644E', '3741E', '3820E', '3027E']",Dongola,18714,19.10,30.27
2020,Jan,ERITREA,"['1548N', '1628N', '1537N', '1723N', '1301N']","['3918E', '3856E', '3928E', '3833E', '4247E']",Assab,15068,13.01,42.47
2020,Jan,ETHIOPIA,"['0922N', '0557N', '0658N', '0520N', '0703N', '0831N']","['4250E', '4333E', '4520E', '3726E', '3829E', '3915E']",Nazreth,22550,08.31,39.15
2020,Jan,SOMALIA,"['1041N', '1058N', '1109N', '1118N', '0824N', '0320N']","['4356E', '4326E', '4811E', '4910E', '4829E', '4213E']",Garbahare,15000,03.20,42.13
2020,Jan,KENYA,"['0356N', '0111N']","['4151E', '3606E']",Kopedo,20000,01.11,36.06
2020,Jan,EGYPT,"['412N', '2308N', '2224N', '2247N', '2219N']","['3438E', '3535E', '3624E', '3126E', '2845E']",Oweinat,1425,22.19,28.45
2020,Jan,SAUDI ARABIA,"['2130N', '1656N', '1729N', '2501N']","['3910E', '4233E', '4408E', '3716E']",Umm Lajj,44311,25.01,37.16
2020,Jan,OMAN,"['2232N', '1939N', '1736N', '1700N', '1856N']","['5948E', '5743E', '5401E', '5405E', '5702E']",Al Jazar,2128,18.56,57.02
2020,Jan,YEMEN,"['1541N', '1600N', '1450N', '2708N', '2540N', '2605N']","['4300E', '4312E', '4258E', '5705E', '5746E', '6145E']",Pishin,2041,26.05,61.45
2020,Jan,IRAN,"['2708N', '2540N', '2605N']","['5705E', '5746E', '6145E']",Pishin,2041,26.05,61.45
2020,Jan,PAKISTAN,"['2924N', '3151N']","['7147E', '7052E']",Khan,62295,31.51,70.52
2020,Jan,INDIA,"['2919N', '2520N']","['7354E', '7237E']",Jalore,61178,25.20,72.37
2020,Dec,MAURITANIA,"['1827N', '1809N']","['1444W', '1558W']",Nouakchott,485,18.09,-15.58
2020,Dec,NIGER,['1843N'],['0721E'],Arlit,2470,18.43,07.21
2020,Dec,ALGERIA,"['1934N', '2434N', '2250N', '2753N', '2741N']","['0546E', '0930E', '0528E', '0017W', '0811W']",Tindouf,43,27.41,-08.11
2020,Dec,SUDAN,"['1820N', '1855N', '1827N', '1745N', '2119N', '2002N', '2146N']","['3621E', '3648E', '3741E', '3811E', '3820E', '3613E', '3551E', '3651E']",Oseif,18873,21.46,36.51
2020,Dec,ERITREA,"['1551N', '1723N', '1507N', '1515N', '1441N']","['3903E', '3833E', '4004E', '3937E', '4057E']",Tio,1780,14.41,40.57
2020,Dec,ETHIOPIA,"['0410N', '0504N', '0919N']","['4203E', '3723E', '4206E']",Harar,210673,09.19,42.06
2020,Dec,SOMALIA,"['0646N', '0444N', '0931N', '1040N', '1017N', '0930N', '1023N', '1118N']","['4725E', '4512E', '4402E', '4720E', '5014E', '4905E', '4425E', '4910E']",Bosaso,39101,11.18,49.10
2020,Dec,KENYA,"['0216S', '0402S', '0247N', '0356N']","['4054E', '3939E', '3930E', '4113E']",Rhamu,1336,03.56,41.13
2020,Dec,EGYPT,"['2224N', '2213N', '2308N', '2359N', '2247N', '2219N']","['3624E', '3638E', '3535E', '3524E', '3126E', '3138E']",Abu Simbel,235,22.19,31.38
2020,Dec,SAUDI ARABIA,"['1909N', '2125N', '2501N', '1656N', '2130N', '2309N', '2008N', '2346N', '2621N', '2731N']","['4107E', '3949E', '3716E', '4233E', '3910E', '3851E', '4016E', '3847E', '4358E', '4141E']",Hail,61075,27.31,41.41
2019,Aug,MALI,"['1927N', '1649N']","['0052E', '0259W']",Tombouctou,40,16.49,-02.59
2019,Aug,LIBYA,['2459N'],['1011E'],hat,70,24.59,10.11
2019,Aug,SUDAN,"['1423N', '1554N', '1426N', '1803N', '1910N', '1527N', '1820N', '1932N']","['2906E', '3027E', '3112E', '3057E', '3027E', '3623E', '3621E', '3320E']",bu Hamed,200,19.32,33.20
2019,Aug,ETHIOPIA,"['1111N', '0935N', '1150N']","['4001E', '4150E', '3936E']",Weldiya,11,11.50,39.36
2019,Aug,SAUDI ARABIA,"['2001N', '1729N', '1656N']","['4129E', '4408E', '4233E']",Jizan,3900,16.56,42.33
2019,Aug,YEMEN,"['1521N', '1335N', '1527N', '1452N', '1250N', '1405N', '1450N', '1600N', '1303N']","['4412E', '4401E', '4519E', '4545E', '4503E', '4542E', '4258E', '4312E', '4453E']",Lahij,110,13.03,44.53
2019,Aug,PAKISTAN,['2450N'],['6702E'],Karachi,16455,24.50,67.02
2019,Aug,INDIA,"['2543N', '2652N', '2706N', '2801N', '2919N']","['7125E', '7055E', '7222E', '7322E', '7354E']",Suratgarh,65089,29.19,73.54
