Year,Month,Country,all_Northing,all_Easting,T_area (ha),Lat,Lon
2010,Apr,Arabia,['2247N'],['3901E'],673,22.47,39.01
2011,Apr,Mauritania,"['2034N', '1945N', '2032N', '2244N', '2510N']","['1531W', '1421W', '1308W', '1221W', '1135W']",8053,25.10,-11.35
2011,Apr,Morocco,"['2859N', '3128N', '3207N', '2120N', '2233N']","['1003W', '0410W', '0113W', '1523W', '1419W']",329,22.33,-14.19
2011,Apr,Algeria,"['2753N', '2250N', '2741N', '3011N']","['0017W', '0528E', '0811W', '0214W']",440,30.11,-02.14
2011,Apr,Egypt,"['2308N', '2224N']","['3535E', '3624E']",2150,22.24,36.24
2011,Apr,Arabia,"['2008N', '2501N']","['4016E', '3716E']",13124,25.01,37.16
2012,Apr,Algeria,"['2618N', '2630N', '2452N', '2753N', '2250N']","['0919E', '0825E', '0826E', '0017W', '0528E']",3360,22.50,05.28
2012,Apr,Libya,['2459N'],['1011E'],3535,24.59,10.11
2013,Apr,Algeria,"['3135N', '3245N', '3150N', '2753N', '2712N', '2741N', '2434N', '2630N']","['0217W', '0035W', '0100E', '0017W', '0229E', '0811W', '0528E', '0930E', '0825E']",4664,26.30,08.25
2013,Apr,Sudan,"['1734N', '2147N']","['3358E', '3122E']",2252,21.47,31.22
2013,Apr,Eritrea,"['1551N', '1745N', '1546N', '1633N']","['3903E', '3820E', '3827E', '3908E']",1060,16.33,39.08
2013,Apr,Arabia,"['2823N', '2542N', '2501N', '2309N']","['3635E', '3917E', '3716E', '3851E']",13712,23.09,38.51
2014,Apr,Sudan,"['2002N', '2119N']","['3551E', '3613E']",3620,21.19,36.13
2014,Apr,Eritrea,"['1507N', '1441N']","['4004E', '4057E']",105,14.41,40.57
2014,Apr,Ethiopia,"['0947N', '0922N', '0935N', '1045N', '0832N']","['4311E', '4250E', '4150E', '4234E', '3916E']",2370,08.32,39.16
2014,Apr,Arabia,"['2405N', '2615N', '2008N', '1909N', '2115N', '2542N', '2731N', '2948N']","['3802E', '3627E', '4016E', '4107E', '4021E', '3917E', '4141E', '3952E']",19994,29.48,39.52
2014,Apr,Iran,"['2540N', '2757N']","['5746E', '5742E']",600,27.57,57.42
2016,Apr,Mauritania,"['2244N', '2510N', '2032N']","['1221W', '1135W', '1308W']",1358,20.32,-13.08
2016,Apr,Algeria,"['2712N', '2250N']","['0229E', '0528E']",26,22.50,05.28
2016,Apr,Morocco,"['2233N', '2138N', '3207N']","['1419W', '1453W', '0113W']",6502,32.07,-01.13
2017,Apr,Algeria,"['2753N', '2712N', '3135N', '2741N', '2250N']","['0017W', '0229E', '0217W', '0811W', '0528E']",32,22.50,05.28
2019,Apr,MAURITANIA,"['1945N', '2032N', '2027N']","['1421W', '1308W', '1221W']",88,20.27,-12.21
2019,Apr,EGYPT,"['2224N', '2213N', '2217N', '2359N', '2504N']","['3624E', '3638E', '3546E', '3524E', '3454E']",7,25.04,34.54
2019,Apr,SAUDI ARABIA,"['2501N', '2615N', '2346N', '2215N', '2008N', '2439N', '2621N', '2700N', '2731N', '2028N', '1729N']","['3716E', '3627E', '3847E', '3906E', '4016E', '4642E', '4358E', '4939E', '4141E', '4747E', '4408E']",27,17.29,44.08
2019,Apr,IRAN,"['2634N', '2711N', '2757N', '2712N', '3133N', '2540N', '2517N', '2854N', '2708N']","['5452E', '5619E', '5742E', '6042E', '6002E', '5746E', '6036E', '5050E', '5705E']",86,27.08,57.05
2019,Apr,PAKISTAN,"['2515N', '2508N', '2600N', '2658N', '2832N', '2749N', '2548N', '2512N']","['6328E', '6219E', '6303E', '6406E', '6526E', '6639E', '6637E', '6438E']",540,25.12,64.38
2020,Apr,ETHIOPIA,"['0602N', '0504N', '0520N', '0550N', '0935N', '0922N', '1045N']","['3733E', '3723E', '3935E', '4205E', '4150E', '4250E', '4234E']",99,10.45,42.34
2020,Apr,SOMALIA,"['1023N', '0956N', '0931N', '0713N', '0532N']","['4425E', '4313E', '4533E', '4851E', '4623E']",600,05.32,46.23
2020,Apr,KENYA,"['0105N', '0231N', '0318N']","['3411E', '3439E', '3253E']",14,03.18,32.53
2020,Apr,SAUDI ARABIA,"['2523N', '2733N', '2218N', '2731N', '2948N']","['4935E', '4742E', '4643E', '4141E', '3952E']",29,29.48,39.52
2020,Apr,OMAN,"['2337N', '2333N', '2314N', '2415N', '2223N', '2234N', '1736N', '1641N']","['5833E', '5733E', '5630E', '5547E', '5731E', '5930E', '5401E', '5307E']",4,16.41,53.07
2020,Apr,UAE,"['2412N', '2421N']","['5538E', '5136E']",1,24.21,51.36
2020,Apr,IRAQ,"['3236N', '3158N', '3117N']","['4401E', '4453E', '4516E']",815,31.17,45.16
2020,Apr,IRAN,"['2854N', '2634N', '2540N', '2517N', '2717N', '2731N', '2712N', '2930N', '3132N', '2901N']","['5050E', '5452E', '5746E', '6036E', '6159E', '5752E', '6042E', '6051E', '6002E', '6127E']",98,29.01,61.27
2020,Apr,PAKISTAN,"['2749N', '2744N', '2933N', '2856N', '2658N', '2508N', '2515N', '2600N', '2742N', '7055N']","['6639E', '6448E', '6601E', '6430E', '6406E', '6219E', '6328E', '6303E', '6854E', '3150E']",50,70.55,31.50
2020,Apr,INDIA,"['2955N', '3024N', '2652N']","['7353E', '7402E', '7055E']",1,26.52,70.55
2020,Apr,AFGHANISTAN,"['3016N', '3057N']","['6203E', '6151E']",20,30.57,61.51
2021,Apr,SUDAN,"['1906N', '1827N']","['3719E', '3741E']",4,18.27,37.41
2021,Apr,ETHIOPIA,"['0707N', '0935N', '0922N', '0813N']","['4000E', '4150E', '4250E', '4333E']",14,08.13,43.33
2021,Apr,SOMALIA,"['0824N', '0930N', '0646N', '0828N', '1040N', '0931N', '0931N', '0956N']","['4829E', '4905E', '4725E', '4721E', '4720E', '4533E', '4402E', '4313E']",5,09.56,43.13
2021,Apr,KENYA,"['0017S', '0106N']","['3605E', '3642E']",136,01.06,36.42
2021,Apr,EGYPT,"['2929N', '2902N', '2830N', '2224N', '2504N']","['3453E', '3440E', '3430E', '3624E', '3454E']",307,25.04,34.54
2021,Apr,SAUDI ARABIA,"['2731N', '2430N', '2625N', '2823N', '2542N', '2948N', '2821N', '2405N']","['4141E', '4422E', '5003E', '3635E', '3917E', '3952E', '4556E', '3802E']",8,24.05,38.02
2021,Apr,KUWAIT,['2838N'],['4808E'],2,28.38,48.08
2021,Apr,IRAQ,"['3302N', '3429N', '3420N']","['4017E', '4154E', '4111E']",140,34.20,41.11
2021,Apr,JORDAN,"['2920N', '3230N', '3157N', '3111N', '3150N', '3019N', '3102N']","['3602E', '3812E', '3556E', '3543E', '3649E', '3610E', '73528E']",1,30.19,36.10
2021,Apr,SYRIA,"['3434N', '3434N', '3520N', '3242N', '3409N', '3331N', '3558N', '3612N', '3531N', '3307N']","['4056E', '4054E', '4007E', '3634E', '3645E', '3618E', '3802E', '3709E', '3547E', '3549E']",2,33.07,35.49
2021,Apr,LEBANON,"['3410N', '3416N', '3400N']","['3625E', '3625E', '3613E']",406,34.00,36.13
2021,Apr,IRAN,"['2854N', '3224N', '3021N']","['5050E', '4824E', '4817E']",4,30.21,48.17
2011,Aug,Algeria,['3011N'],['0214W'],40,30.11,-02.14
2011,Aug,Morocco,['3232N'],['0159W'],1175,32.32,-01.59
2013,Aug,Niger,"['1809N', '1650N', '1421N', '1754N']","['0846E', '0550E', '0319E', '0559E']",695,14.21,03.19
2013,Aug,Algeria,"['2753N', '3135N', '2250N', '1937N']","['0017W', '0217W', '0528E', '0552E']",10,19.37,05.52
2014,Aug,Ethiopia,"['1123N', '0922N']","['4052E', '4250E']",313,09.22,42.50
2016,Aug,Egypt,"['2247N', '2219N', '2224N', '1045N', '1216N']","['3126E', '3138E', '3624E', '4234E', '4021E']",208,12.16,40.21
2016,Aug,Ethiopia,"['1045N', '1216N']","['4234E', '4021E']",208,12.16,40.21
2016,Aug,Pakistan,"['2548N', '2742N']","['6637E', '6854E']",410,27.42,68.54
2018,Aug,ALGERIA,"['2643N', '2916N', '2630N']","['0010E', '0014E', '0825E']",106,26.30,08.25
2019,Aug,MALI,"['1927N', '1649N']","['0052E', '0259W']",40,16.49,-02.59
2019,Aug,LIBYA,['2459N'],['1011E'],70,24.59,10.11
2019,Aug,SUDAN,"['1423N', '1554N', '1426N', '1803N', '1910N', '1527N', '1820N', '1932N']","['2906E', '3027E', '3112E', '3057E', '3027E', '3623E', '3621E', '3320E']",200,19.32,33.20
2019,Aug,ETHIOPIA,"['1111N', '0935N', '1150N']","['4001E', '4150E', '3936E']",11,11.50,39.36
2019,Aug,SAUDI ARABIA,"['2001N', '1729N', '1656N']","['4129E', '4408E', '4233E']",3,16.56,42.33
2019,Aug,YEMEN,"['1521N', '1335N', '1527N', '1452N', '1250N', '1405N', '1450N', '1600N', '1303N']","['4412E', '4401E', '4519E', '4545E', '4503E', '4542E', '4258E', '4312E', '4453E']",110,13.03,44.53
2019,Aug,PAKISTAN,['2450N'],['6702E'],16,24.50,67.02
2019,Aug,INDIA,"['2543N', '2652N', '2706N', '2801N', '2919N']","['7125E', '7055E', '7222E', '7322E', '7354E']",65,29.19,73.54
2020,Aug,ERITREA,"['1604N', '1536N', '1450N', '1451N', '1519N', '1640N', '1441N', '1301N']","['3725E', '3905E', '3951E', '3922E', '3856E', '3828E', '4057E', '4247E']",1,13.01,42.47
2020,Aug,ETHIOPIA,"['0935N', '1045N', '0922N', '1148N', '1108N', '1329N']","['4150E', '4234E', '4250E', '4100E', '3938E', '3928E']",54,13.29,39.28
2020,Aug,SOMALIA,"['0931N', '0956N', '1023N', '1058N', '1017N', '1040N', '0532N', '0646N']","['4402E', '4313E', '4425E', '4326E', '5014E', '4720E', '4623E', '4725E']",8,06.46,47.25
2020,Aug,KENYA,[],[],5,Missing,Missing
2020,Aug,SUDAN,"['0446N', '0440N', '0445N', '0425N']","['3335E', '3339E', '3339E', '3312E']",250,04.25,33.12
2020,Aug,SAUDI ARABIA,"['1729N', '1656N']","['4408E', '4233E']",1,16.56,42.33
2020,Aug,YEMEN,"['1610N', '1430N', '1608N', '1559N', '1542N', '1431N', '1521N', '1746N', '1416N', '1306N', '1333N', '1600N', '1410N']","['4446E', '4629E', '4714E', '4844E', '4817E', '4908E', '4412E', '5229E', '4735E', '4523E', '4644E', '4312E', '4318E']",5,14.10,43.18
2020,Aug,OMAN,"['1700N', '1736N', '2234N', '2415N']","['5405E', '5401E', '5930E', '5547E']",58,24.15,55.47
2020,Aug,PAKISTAN,"['2507N', '2421N', '2751N', '2548N']","['7015E', '7045E', '7048E', '6637E']",26,25.48,66.37
2020,Aug,INDIA,"['2818N', '2919N']","['7458E', '7354E']",49,29.19,73.54
2021,Aug,SOMALIA,"['0931N', '1023N', '1040N', '1017N', '0646N']","['4402E', '4425E', '4720E', '5014E', '4725E']",11,06.46,47.25
2021,Aug,SUDAN,"['1438N', '1426N', '1554N', '1734N', '1527N', '1910N', '1932N', '1803N', '1423N']","['2756E', '3112E', '3027E', '3358E', '3623E', '3027E', '3320E', '3057E', '2906E']",180,14.23,29.06
2010,Dec,Mauritania,"['2510N', '1932N', '1945N', '2003N']","['1135W', '1512W', '1421W', '1301W']",2689,20.03,-13.01
2010,Dec,Mali,"['1827N', '1927N']","['0125E', '0052E']",850,19.27,00.52
2010,Dec,Algeria,"['2434N', '2630N', '2712N', '2753N', '3011N', '2741N']","['0930E', '0825E', '0229E', '0017W', '0214W', '0811W']",410,27.41,-08.11
2010,Dec,Yemen,"['1410N', '1458N', '1541N', '1600N']","['4318E', '4314E', '4300E', '4312E']",1050,16.00,43.12
2010,Dec,Pakistan,"['2822N', '2548N', '2832N']","['7020E', '6637E', '6526E']",600,28.32,65.26
2012,Dec,Mauritania,"['2244N', '2510N', '1639N']","['1221W', '1135W', '0936W']",4922,16.39,-09.36
2012,Dec,Niger,"['1519N', '1421N', '1522N']","['1312E', '0319E', '0621E']",12875,15.22,06.21
2012,Dec,Algeria,"['2753N', '1937N', '1957N', '2434N', '2741N']","['0017W', '0552E', '0258E', '0930E', '0811W']",292,27.41,-08.11
2012,Dec,Morocco,"['2223N', '2508N', '2644N', '2826N', '2944N', '3019N', '3207N']","['1502W', '1222W', '1140W', '1106W', '0758W', '0550W', '0113W']",2582,32.07,-01.13
2012,Dec,Sudan,"['1641N', '02N', '2054N', '1938N', '1906N', '1745N', '1827N']","['3322E', '3551E', '3709E', '3713E', '3719E', '3820E', '3741E']",5565,18.27,37.41
2012,Dec,Egypt,"['2530N', '2630N', '2710N', '2219N', '2247N', '2359N']","['2900E', '2740E', '2818E', '3138E', '3126E', '3524E']",6894,23.59,35.24
2012,Dec,Arabia,"['2247N', '2346N', '2405N', '2008N']","['3901E', '3847E', '3802E', '4016E']",1363,20.08,40.16
2013,Dec,Mauritania,"['1945N', '2034N', '1932N', '2244N']","['1421W', '1531W', '1512W', '1221W']",14483,22.44,-12.21
2013,Dec,Egypt,"['2359N', '2317N', '2912N', '3131N', '2002N', '1827N', '1745N']","['3524E', '3252E', '2531E', '2509E', '3551E', '3741E', '3820E']",5894,17.45,38.20
2013,Dec,Eritrea,"['1548N', '1537N', '1454N', '1745N']","['3918E', '3928E', '4018E', '3820E']",44160,17.45,38.20
2013,Dec,Arabia,"['2008N', '1909N', '1656N', '2001N', '1813N', '1729N']","['4016E', '4107E', '4233E', '4129E', '4230E', '4408E']",10990,17.29,44.08
2013,Dec,Yemen,"['1541N', '1619N', '1450N', '1656N', '1302N']","['4300E', '4248E', '4258E', '4345E', '4434E']",24099,13.02,44.34
2014,Dec,Sudan,"['1932N', '1527N', '1731N', '2034N', '1827N', '1906N', '1938N', '1753N', '2002N']","['3320E', '3623E', '3607E', '3701E', '3741E', '3719E', '3713E', '3819E', '3551E']",11951,20.02,35.51
2014,Dec,Egypt,"['412N', '2219N', '8S', '2125N', '1909N', '2405N', '1656N']","['3438E', '3138E', '3949E', '4107E', '3802E', '4233E']",1823,16.56,42.33
2014,Dec,Arabia,"['2125N', '1909N', '2405N', '1656N']","['3949E', '4107E', '3802E', '4233E']",1823,16.56,42.33
2015,Dec,Mauritania,"['1827N', '1945N', '2003N', '1833N', '2056N', '2244N', '2510N', '2410N']","['1444W', '1421W', '1301W', '1126W', '1702W', '1221W', '1135W', '0952W']",891,24.10,-09.52
2015,Dec,Morocco,"['2233N', '2136N']","['1419W', '1628W']",17,21.36,-16.28
2016,Dec,Mauritania,"['2003N', '1945N', '1932N', '2027N', '2056N', '2244N', '2510N']","['1301W', '1421W', '1512W', '1221W', '1137W', '1221W', '1135W']",1167,25.10,-11.35
2016,Dec,Morocco,['2136N'],['1628W'],189,21.36,-16.28
2016,Dec,Sudan,"['1827N', '1938N', '1745N', '1753N', '2002N', '1932N', '1641N', '1910N']","['3741E', '3713E', '3820E', '3819E', '3551E', '3320E', '3322E', '3027E']",115,19.10,30.27
2016,Dec,Eritrea,"['1553N', '1616N', '1745N']","['3906E', '3911E', '3820E', '8E']",7818,17.45,38.20
2016,Dec,Arabia,"['2008N', '1909N', '1656N', '2130N', '2405N']","['4016E', '4107E', '4233E', '3910E', '3802E']",10,24.05,38.02
2016,Dec,Yemen,"['1541N', '1454N', '1410N', '1512N']","['4300E', '4312E', '4318E', '5115E']",120,15.12,51.15
2018,Dec,NIGER,"['1843N', '1754N', '1832N', '1809N']","['0721E', '0559E', '0449E', '0846E']",394,18.09,08.46
2018,Dec,ERITREA,"['1548N', '1633N', '1515N', '1723N']","['3918E', '3908E', '3937E', '3833E']",7235,17.23,38.33
2019,Dec,MAURITANIA,"['1928N', '2003N']","['1525W', '1301W']",93,20.03,-13.01
2019,Dec,ALGERIA,"['1937N', '2753N', '2119N', '1957N']","['0552E', '0017W', '0057E', '0258E']",25,19.57,02.58
2019,Dec,SUDAN,"['1554N', '1801N', '2145N', '2054N', '1938N']","['3027E', '3400E', '3644E', '3709E', '3713E']",26,19.38,37.13
2019,Dec,ERITREA,"['1515N', '1723N']","['3937E', '3833E']",11,17.23,38.33
2019,Dec,ETHIOPIA,"['0935N', '1045N', '0922N', '0813N', '0658N', '0644N', '0557N', '0537N']","['4150E', '4234E', '4250E', '4333E', '4520E', '4416E', '4333E', '4408E']",8,05.37,44.08
2019,Dec,EGYPT,"['2308N', '2359N', '2504N', '2247N']","['3535E', '3524E', '3454E', '3126E']",30,22.47,31.26
2019,Dec,SAUDI ARABIA,"['1656N', '2008N', '1909N', '1813N', '1729N', '2621N', '2731N', '2501N']","['4233E', '4016E', '4107E', '4230E', '4408E', '4358E', '4141E', '3716E']",43,25.01,37.16
2019,Dec,YEMEN,"['1541N', '1600N', '1454N', '1401N', '1612N']","['4300E', '4312E', '4312E', '4820E', '5210E']",80,16.12,52.10
2019,Dec,OMAN,"['2232N', '1939N']","['5948E', '5743E']",1,19.39,57.43
2019,Dec,IRAN,"['2708N', '2517N', '2711N']","['5705E', '6036E', '6028E']",2,27.11,60.28
2019,Dec,PAKISTAN,['3015N'],['6700E'],71,30.15,67.00
2019,Dec,INDIA,"['2706N', '2543N', '2410N', '2312N']","['7222E', '7125E', '7226E', '6954E']",22,23.12,69.54
2020,Dec,MAURITANIA,"['1827N', '1809N']","['1444W', '1558W']",485,18.09,-15.58
2020,Dec,NIGER,['1843N'],['0721E'],2,18.43,07.21
2020,Dec,ALGERIA,"['1934N', '2434N', '2250N', '2753N', '2741N']","['0546E', '0930E', '0528E', '0017W', '0811W']",43,27.41,-08.11
2020,Dec,SUDAN,"['1820N', '1855N', '1827N', '1745N', '2119N', '2002N', '2146N']","['3621E', '3648E', '3741E', '3811E', '3820E', '3613E', '3551E', '3651E']",18,21.46,36.51
2020,Dec,ERITREA,"['1551N', '1723N', '1507N', '1515N', '1441N']","['3903E', '3833E', '4004E', '3937E', '4057E']",1,14.41,40.57
2020,Dec,ETHIOPIA,"['0410N', '0504N', '0919N']","['4203E', '3723E', '4206E']",210,09.19,42.06
2020,Dec,SOMALIA,"['0646N', '0444N', '0931N', '1040N', '1017N', '0930N', '1023N', '1118N']","['4725E', '4512E', '4402E', '4720E', '5014E', '4905E', '4425E', '4910E']",39,11.18,49.10
2020,Dec,KENYA,"['0216S', '0402S', '0247N', '0356N']","['4054E', '3939E', '3930E', '4113E']",1,03.56,41.13
2020,Dec,EGYPT,"['2224N', '2213N', '2308N', '2359N', '2247N', '2219N']","['3624E', '3638E', '3535E', '3524E', '3126E', '3138E']",235,22.19,31.38
2020,Dec,SAUDI ARABIA,"['1909N', '2125N', '2501N', '1656N', '2130N', '2309N', '2008N', '2346N', '2621N', '2731N']","['4107E', '3949E', '3716E', '4233E', '3910E', '3851E', '4016E', '3847E', '4358E', '4141E']",61,27.31,41.41
2021,Dec,EGYPT,['412N'],['3438E'],6,41.2,34.38
2021,Dec,ETHIOPIA,['0520N'],['3726E'],1,05.20,37.26
2021,Dec,SOMALIA,"['0930N', '1028N', '1023N']","['4905E', '4502E', '4425E']",24,10.23,44.25
2021,Dec,SUDAN,"['1803N', '2002N']","['3057E', '3551E']",1,20.02,35.51
2011,Feb,Mauritania,"['2244N', '2510N']","['1221W', '1135W']",16893,25.10,-11.35
2011,Feb,Algeria,"['2753N', '2712N', '2250N', '2434N']","['0017W', '0229E', '0528E', '0930E']",45,24.34,09.30
2011,Feb,Morocco,"['2119N', '2137N', '2223N', '2859N', '3207N', '3128N']","['1528W', '1453W', '1502W', '1003W', '0113W', '0410W']",43,31.28,-04.10
2011,Feb,Egypt,"['2308N', '2359N', '2219N']","['3535E', '3524E', '3138E']",265,22.19,31.38
2011,Feb,Arabia,"['2008N', '1909N', '2215N', '2405N', '2115N', '2001N', '2542N', '2119N', '2009N', '1855N']","['4016E', '4107E', '3906E', '3802E', '4021E', '4129E', '3917E', '3613E', '3706E', '3648E']",24041,18.55,36.48
2012,Feb,Algeria,"['2610N', '2630N', '2250N', '2434N', '2753N', '2741N']","['0923E', '0825E', '0528E', '0930E', '0017W', '0811W']",200,27.41,-08.11
2012,Feb,Libya,['2459N'],['1011E'],2365,24.59,10.11
2013,Feb,Mauritania,['2056N'],['1702W'],2740,20.56,-17.02
2013,Feb,Morocco,"['2223N', '2607N', '2342N', '2353N']","['1502W', '1429W', '1555W', '1431W']",2291,23.53,-14.31
2013,Feb,Egypt,"['2359N', '2428N', '2504N', '2717N', '2906N', '2308N']","['3524E', '3257E', '3454E', '3347E', '3239E', '3535E']",12378,23.08,35.35
2013,Feb,Arabia,"['2247N', '2346N', '2008N', '2719N']","['3901E', '3847E', '4016E', '3546E']",14470,27.19,35.46
2014,Feb,Libya,"['1946N', '1810N', '2002N', '1932N']","['3710E', '3816E', '3551E', '3320E']",4166,19.32,33.20
2014,Feb,Sudan,"['1946N', '1810N', '2002N', '1932N']","['3710E', '3816E', '3551E', '3320E']",4166,19.32,33.20
2014,Feb,Eritrea,"['1528N', '1441N', '1628N']","['3953E', '4057E', '3856E']",5380,16.28,38.56
2014,Feb,Somalia,"['1041N', '1058N', '0931N']","['4356E', '4326E', '4533E']",76,09.31,45.33
2014,Feb,Arabia,"['2008N', '1656N', '2405N', '2346N', '2615N', '2501N', '2115N']","['4016E', '4233E', '3802E', '3847E', '3627E', '3716E', '4021E']",37283,21.15,40.21
2014,Feb,Yemen,"['1541N', '1600N', '1542N', '1335N', '1358N', '1250N']","['4300E', '4312E', '4241E', '4401E', '4411E', '4503E']",3150,12.50,45.03
2015,Feb,Eritrea,"['1723N', '1745N', '1628N', '1626N', '1640N']","['3833E', '3820E', '3856E', '3840E', '3828E']",3870,16.40,38.28
2015,Feb,Arabia,"['2125N', '2215N', '2405N', '2008N', '1909N', '1656N']","['3949E', '3906E', '3802E', '4016E', '4107E', '4233E']",2570,16.56,42.33
2016,Feb,Mauritania,"['2244N', '2510N', '2410N', '2119N']","['1221W', '1135W', '0952W', '1420W']",1259,21.19,-14.20
2016,Feb,Morocco,"['2137N', '2233N']","['1453W', '1419W']",3345,22.33,-14.19
2017,Feb,Mauritania,"['1945N', '2003N', '2510N']","['1421W', '1301W', '1135W']",227,25.10,-11.35
2017,Feb,Sudan,"['1827N', '1753N', '2002N', '1932N']","['3741E', '3819E', '3551E', '3320E']",85,19.32,33.20
2019,Feb,SUDAN,"['1938N', '1910N']","['3713E', '3027E']",38,19.10,30.27
2019,Feb,ERITREA,"['1723N', '1515N']","['3833E', '3937E']",22,15.15,39.37
2019,Feb,EGYPT,"['2224N', '2308N', '2213N', '2247N', '2219N', '2317N']","['3624E', '3535E', '3638E', '3126E', '3138E', '3252E']",4,23.17,32.52
2019,Feb,SAUDI ARABIA,"['2008N', '2615N', '2215N', '2309N', '2405N', '2700N', '2248N', '2621N']","['4016E', '3627E', '3906E', '3851E', '3802E', '4939E', '4210E', '4358E']",18,26.21,43.58
2019,Feb,IRAN,"['2652N', '2634N', '2708N', '2854N', '2731N', '2540N']","['5329E', '5452E', '5705E', '5050E', '5752E', '5746E']",4,25.40,57.46
2020,Feb,SUDAN,"['1753N', '1745N', '2146N', '1734N', '1830N']","['3811E', '3819E', '3820E', '3651E', '3358E', '3149E']",5,18.30,31.49
2020,Feb,ERITREA,['1537N'],['3928E'],12,15.37,39.28
2020,Feb,ETHIOPIA,"['0831N', '0919N']","['3915E', '4206E']",41,09.19,42.06
2020,Feb,EGYPT,"['2412N', '2308N', '2247N', '2219N']","['3438E', '3535E', '3126E', '3138E']",154,22.19,31.38
2020,Feb,SAUDI ARABIA,"['1909N', '1729N', '2523N', '2821N']","['4107E', '4408E', '4935E', '4556E']",22,28.21,45.56
2020,Feb,YEMEN,"['1541N', '1600N', '1458N', '1303N', '1435N', '1452N', '1610N', '1521N', '1608N', '1542N']","['4300E', '4312E', '4314E', '4453E', '4649E', '4545E', '4446E', '4412E', '4714E', '4817E']",1,15.42,48.17
2020,Feb,OMAN,"['2234N', '2337N', '2333N', '1939N', '2223N', '2415N']","['5930E', '5833E', '5733E', '5743E', '5731E', '5547E']",2,24.15,55.47
2020,Feb,IRAQ,"['3031N', '3103N']","['4749E', '4616E']",69,31.03,46.16
2020,Feb,UAE,['2429N'],['5217E'],45,24.29,52.17
2020,Feb,IRAN,"['2708N', '2540N', '2534N', '2710N', '2605N']","['5705E', '5746E', '5923E', '5833E', '6145E']",2,26.05,61.45
2020,Feb,PAKISTAN,"['2749N', '2856N', '2600N', '2832N']","['6639E', '6430E', '6303E', '6526E']",8,28.32,65.26
2020,Feb,INDIA,"['2652N', '2919N', '2543N', '2706N']","['7055E', '7354E', '7125E', '7222E']",11,27.06,72.22
2021,Feb,SUDAN,"['2002N', '2119N', '1753N', '1827N', '1906N', '1841N', '1820N', '1641N', '1910N']","['3551E', '3613E', '3819E', '3741E', '3719E', '3724E', '3621E', '3322E', '3027E']",16,19.10,30.27
2021,Feb,ERITREA,"['1723N', '1548N', '1555N', '1515N', '1527N']","['3833E', '3918E', '3910E', '3937E']",1,15.15,39.37
2021,Feb,ETHIOPIA,"['0403N', '0602N', '0922N', '0935N']","['3815E', '3733E', '4250E', '4150E']",73,09.35,41.50
2021,Feb,SOMALIA,"['0931N', '0931N', '1109N', '1118N', '1017N', '1040N', '0824N', '0202N']","['4402E', '4533E', '4811E', '4910E', '5014E', '4720E', '4829E', '4520E']",21,02.02,45.20
2021,Feb,KENYA,[],[],11,Missing,Missing
2021,Feb,TANZANIA,"['0404S', '0244N', '0307N', '0322S']","['3708E', '3642E', '3703E', '3642E']",638,03.22,36.42
2021,Feb,EGYPT,"['2213N', '2224N', '2504N', '2359N', '2247N', '2219N']","['3638E', '3624E', '3454E', '3524E', '3126E', '3138E']",30,22.19,31.38
2021,Feb,SAUDI ARABIA,"['2008N', '1656N', '2439N', '2731N', '2215N', '2615N', '2346N', '2733N']","['4016E', '4233E', '4642E', '4141E', '3906E', '3627E', '3847E', '4742E']",104,27.33,47.42
2011,Jan,Mauritania,"['2027N', '2244N', '2510N']","['1221W', '1221W', '1135W']",14045,25.10,-11.35
2011,Jan,Morocco,"['2136N', '2137N', '2155N', '2920N', '3019N', '3128N']","['1628W', '1453W', '1441W', '0817W', '0550W', '0410W']",55,31.28,-04.10
2011,Jan,Sudan,"['2034N', '2145N', '1906N', '1938N', '2009N', '1753N']","['3701E', '3644E', '3719E', '3713E', '3706E', '3819E']",7058,17.53,38.19
2011,Jan,Egypt,"['2359N', '2308N', '2224N', '2219N', '2247N']","['3524E', '3535E', '3624E', '3138E', '3126E']",382,22.47,31.26
2011,Jan,Arabia,"['2008N', '2215N', '2405N', '2247N']","['4016E', '3906E', '3802E', '3901E']",2795,22.47,39.01
2012,Jan,Algeria,"['2434N', '2753N', '2741N', '2250N', '1813N', '1753N', '2002N']","['0930E', '0811W', '0528E', '3811E', '3819E', '3551E']",85,20.02,35.51
2013,Jan,Mauritania,"['1833N', '1945N', '2032N', '2510N']","['1126W', '1421W', '1308W', '1135W']",2282,25.10,-11.35
2013,Jan,Algeria,"['2753N', '2434N', '2250N', '2741N']","['0017W', '0930E', '0528E', '0811W']",27,27.41,-08.11
2013,Jan,Egypt,['2359N'],['3524E'],10792,23.59,35.24
2013,Jan,Arabia,"['2130N', '2405N', '2008N', '1909N', '2346N', '2247N']","['3910E', '3802E', '4016E', '4107E', '3847E', '3901E']",19615,22.47,39.01
2014,Jan,Niger,['1806N'],['1134E'],541,18.06,11.34
2014,Jan,Algeria,['2753N'],['0017W'],20,Missing,Missing
2014,Jan,Sudan,"['1827N', '1813N', '1753N', '1938N', '2009N', '2002N', '1641N', '1932N']","['3741E', '3811E', '3819E', '3713E', '3706E', '3551E', '3322E', '3320E']",9475,19.32,33.20
2014,Jan,Eritrea,"['1723N', '1537N', '1507N']","['3833E', '3928E', '4004E']",16545,15.07,40.04
2014,Jan,Arabia,"['2008N', '1656N', '1909N', '2115N', '2247N', '2542N', '2731N']","['4016E', '4233E', '4107E', '4021E', '3901E', '3917E', '4141E']",23676,27.31,41.41
2014,Jan,Yemen,"['1541N', '1619N', '1302N']","['4300E', '4248E', '4434E']",678,13.02,44.34
2015,Jan,Eritrea,"['1551N', '1628N', '1745N']","['3903E', '3856E', '3820E']",10247,17.45,38.20
2015,Jan,Arabia,"['2405N', '2501N', '1909N', '2008N', '2125N', '2215N']","['3802E', '3716E', '4107E', '4016E', '3949E', '3906E']",7958,22.15,39.06
2016,Jan,Mauritania,"['2244N', '2510N', '2410N', '1945N', '2032N', '2119N']","['1221W', '1135W', '0952W', '1421W', '1308W', '1420W']",130,21.19,-14.20
2016,Jan,Morocco,"['2233N', '2137N', '2136N', '2508N', '2707N']","['1419W', '1453W', '1628W', '1222W', '1112W']",301,27.07,-11.12
2017,Jan,Mauritania,"['1945N', '2003N', '1929N', '2244N', '2510N']","['1421W', '1301W', '1557W', '1221W', '1135W']",185,25.10,-11.35
2017,Jan,Libya,[],[],126,Missing,Missing
2017,Jan,Morocco,"['2136N', '1827N', '1753N', '1745N', '2002N', '1932N']","['1628W', '3741E', '3819E', '3820E', '3551E', '3320E']",100,19.32,33.20
2017,Jan,Sudan,"['1827N', '1753N', '1745N', '2002N', '1932N']","['3741E', '3819E', '3820E', '3551E', '3320E']",100,19.32,33.20
2017,Jan,Eritrea,"['1723N', '1555N']","['3833E', '3910E']",276,15.55,39.10
2017,Jan,Arabia,"['2008N', '1909N', '1656N']","['4016E', '4107E', '4233E']",4242,16.56,42.33
2019,Jan,MAURITANIA,['2003N'],['1301W'],100,20.03,-13.01
2019,Jan,SUDAN,"['1938N', '1827N', '1753N', '2002N', '1830N', '1910N']","['3713E', '3741E', '3819E', '3551E', '3149E', '3027E']",34,19.10,30.27
2019,Jan,ERITREA,"['1723N', '1616N']","['3833E', '3911E']",6,16.16,39.11
2019,Jan,EGYPT,"['2308N', '2359N', '2224N', '2213N', '2247N', '2219N', '2317N']","['3535E', '3524E', '3624E', '3638E', '3126E', '3138E', '3252E']",1,23.17,32.52
2019,Jan,SAUDI ARABIA,"['2008N', '2405N', '2309N', '2215N', '2028N', '2206N', '2315N', '2523N', '1729N', '1729N']","['4016E', '3802E', '3851E', '3906E', '4747E', '4657E', '4859E', '4941E', '4408E', '4706E']",12,17.29,47.06
2020,Jan,MAURITANIA,"['1928N', '2003N']","['1525W', '1301W']",32,20.03,-13.01
2020,Jan,SUDAN,"['2145N', '1827N', '1745N', '1910N']","['3644E', '3741E', '3820E', '3027E']",18,19.10,30.27
2020,Jan,ERITREA,"['1548N', '1628N', '1537N', '1723N', '1301N']","['3918E', '3856E', '3928E', '3833E', '4247E']",15,13.01,42.47
2020,Jan,ETHIOPIA,"['0922N', '0557N', '0658N', '0520N', '0703N', '0831N']","['4250E', '4333E', '4520E', '3726E', '3829E', '3915E']",22,08.31,39.15
2020,Jan,SOMALIA,"['1041N', '1058N', '1109N', '1118N', '0824N', '0320N']","['4356E', '4326E', '4811E', '4910E', '4829E', '4213E']",15,03.20,42.13
2020,Jan,KENYA,"['0356N', '0111N']","['4151E', '3606E']",20,01.11,36.06
2020,Jan,EGYPT,"['412N', '2308N', '2224N', '2247N', '2219N']","['3438E', '3535E', '3624E', '3126E', '2845E']",1,22.19,28.45
2020,Jan,SAUDI ARABIA,"['2130N', '1656N', '1729N', '2501N']","['3910E', '4233E', '4408E', '3716E']",44,25.01,37.16
2020,Jan,OMAN,"['2232N', '1939N', '1736N', '1700N', '1856N']","['5948E', '5743E', '5401E', '5405E', '5702E']",2,18.56,57.02
2020,Jan,YEMEN,"['1541N', '1600N', '1450N', '2708N', '2540N', '2605N']","['4300E', '4312E', '4258E', '5705E', '5746E', '6145E']",2,26.05,61.45
2020,Jan,IRAN,"['2708N', '2540N', '2605N']","['5705E', '5746E', '6145E']",2,26.05,61.45
2020,Jan,PAKISTAN,"['2924N', '3151N']","['7147E', '7052E']",62,31.51,70.52
2020,Jan,INDIA,"['2919N', '2520N']","['7354E', '7237E']",61,25.20,72.37
2021,Jan,SUDAN,"['2002N', '1742N', '1753N', '2009N']","['3551E', '3400E', '3819E', '3706E']",7,20.09,37.06
2021,Jan,ERITREA,"['1723N', '1519N', '1537N']","['3833E', '3856E', '3928E']",2,15.37,39.28
2021,Jan,ETHIOPIA,"['0919N', '0403N', '0922N', '0557N', '0410N', '0602N', '1148N', '1108N', '0644N']","['4206E', '3815E', '4250E', '4333E', '4203E', '3733E', '4100E', '3938E', '4416E']",166,06.44,44.16
2021,Jan,SOMALIA,"['1017N', '1118N']","['5014E', '4910E']",53,11.18,49.10
2021,Jan,KENYA,"['0216S', '0313S']","['4054E', '4007E']",39,03.13,40.07
2021,Jan,TANZANIA,['0412S'],['3655E'],450,04.12,36.55
2021,Jan,EGYPT,"['2308N', '2359N', '2609N', '2247N', '2219N', '2236N']","['3535E', '3524E', '3243E', '3126E', '3138E', '3318E']",755,22.36,33.18
2021,Jan,SAUDI ARABIA,"['1909N', '1656N', '2125N', '2247N', '2615N', '2008N', '1640N']","['4107E', '4233E', '3949E', '3901E', '3627E', '4016E', '4210E']",47,16.40,42.10
2010,Jul,Algeria,"['2250N', '2636N', '2753N']","['0528E', '0681E', '0017W']",100,27.53,-00.17
2011,Jul,Algeria,"['3011N', '3245N', '2753N']","['0214W', '0035W', '0017W']",70,27.53,-00.17
2011,Jul,Morocco,"['3232N', '3207N', '2644N']","['0159W', '0113W', '1140W']",3756,26.44,-11.40
2011,Jul,Pakistan,"['2933N', '3015N', '2822N', '2924N']","['6601E', '6700E', '7020E', '7147E']",210,29.24,71.47
2012,Jul,Niger,"['1700N', '1346N', '1651N', '1458N', '1726N']","['0756E', '0858E', '0701E', '0852E', '0637E']",50,17.26,06.37
2013,Jul,Algeria,"['2753N', '3135N', '2630N', '2250N']","['0017W', '0217W', '0825E', '0528E']",15,22.50,05.28
2013,Jul,Morocco,['2859N'],['1003W'],796,28.59,-10.03
2013,Jul,Arabia,"['2028N', '2621N']","['4747E', '4358E']",760,26.21,43.58
2014,Jul,Eritrea,['1451N'],['3922E'],100,14.51,39.22
2014,Jul,Arabia,"['2731N', '2430N', '2115N', '1813N']","['4141E', '3935E', '4021E', '4230E']",2180,18.13,42.30
2017,Jul,Algeria,"['2753N', '2643N', '2712N', '2250N']","['0017W', '0010E', '0229E', '0528E']",3,22.50,05.28
2017,Jul,Iran,"['2731N', '2515N', '2517N', '2540N']","['5752E', '6049E', '6036E', '5746E']",8500,25.40,57.46
2019,Jul,ALGERIA,"['3341N', '2916N', '2712N', '2250N']","['0102E', '0014E', '0229E', '0528E']",115,22.50,05.28
2019,Jul,SUDAN,"['1906N', '1533N', '1742N', '1311N', '1426N', '1830N', '1932N']","['3719E', '3235E', '3400E', '3010E', '3112E', '3149E', '3320E']",1,19.32,33.20
2019,Jul,EGYPT,"['2219N', '2224N', '2405N', '2357N', '2710N', '2821N']","['2845E', '3624E', '3256E', '3018E', '2818E', '2851E']",4,28.21,28.51
2019,Jul,SAUDI ARABIA,"['2028N', '2001N', '1813N', '2439N', '2731N', '2733N']","['4747E', '4129E', '4230E', '4642E', '4141E', '4742E']",1,27.33,47.42
2019,Jul,YEMEN,"['1610N', '1452N', '1302N', '1306N', '1541N', '1521N', '1527N', '1717N']","['4446E', '4545E', '4434E', '4523E', '4300E', '4412E', '4519E', '4955E']",4,17.17,49.55
2019,Jul,OMAN,"['1736N', '1700N', '2230N', '2234N']","['5401E', '5405E', '5802E', '5930E']",25,22.34,59.30
2019,Jul,PAKISTAN,"['2933N', '2614N', '2512N', '2749N', '2739N', '2751N', '2822N', '2506N', '2431N', '2924N']","['6601E', '6619E', '6438E', '6639E', '6857E', '7048E', '7020E', '7015E', '7046E', '7147E']",7,29.24,71.47
2019,Jul,INDIA,"['2543N', '2818N']","['7125E', '7458E']",26,28.18,74.58
2020,Jul,SUDAN,[],[],235,Missing,Missing
2020,Jul,ETHIOPIA,"['0504N', '0644N', '0935N', '0922N', '1108N', '1230N', '0504N', '1147N']","['3723E', '4416E', '4150E', '4250E', '3938E', '3931E', '3723E', '4100E']",44,11.47,41.00
2020,Jul,SOMALIA,"['0931N', '0824N', '0931N', '1040N', '0956N', '0532N']","['4533E', '4829E', '4402E', '4720E', '4313E', '4623E']",12,05.32,46.23
2020,Jul,KENYA,[],[],12,Missing,Missing
2020,Jul,UGANDA,['0231N'],['3439E'],3,02.31,34.39
2020,Jul,SAUDI ARABIA,"['1729N', '1819N']","['4408E', '4245E']",440,18.19,42.45
2020,Jul,YEMEN,"['1521N', '1610N', '1430N', '1431N', '1512N', '1612N', '1656N', '1341N', '1250N', '1416N', '1306N', '1600N']","['4412E', '4446E', '4629E', '4908E', '5115E', '5210E', '4345E', '4443E', '4503E', '4735E', '4523E', '4312E']",10,16.00,43.12
2020,Jul,OMAN,"['1700N', '1736N', '2255N', '2415N']","['5405E', '5401E', '5731E', '5547E']",443,24.15,55.47
2020,Jul,IRAN,['3252N'],['5913E'],1,32.52,59.13
2020,Jul,PAKISTAN,"['2658N', '2600N', '2749N', '3015N', '2614N', '2421N']","['6406E', '6303E', '6639E', '6700E', '6619E', '7045E']",33,24.21,70.45
2020,Jul,INDIA,"['2618N', '2818N']","['7308E', '7458E']",102,28.18,74.58
2020,Jul,AFGHANISTAN,"['3336N', '3320N']","['6914E', '6956E']",304,33.20,69.56
2021,Jul,MOROCCO,['3154N'],['0425W'],30,31.54,-04.25
2021,Jul,SUDAN,"['1832N', '1423N', '1641N', '1527N', '1820N']","['3148E', '2906E', '3322E', '3623E', '3621E']",525,18.20,36.21
2021,Jul,ETHIOPIA,"['1045N', '1105N']","['4234E', '3944E']",3,11.05,39.44
2021,Jul,DJIBOUTI,"['1100N', '1109N']","['4206E', '4242E']",55,11.09,42.42
2021,Jul,SOMALIA,"['0931N', '1028N', '0956N', '0931N', '1023N']","['4402E', '4502E', '4313E', '4533E', '4425E']",27,10.23,44.25
2021,Jul,EGYPT,"['2247N', '2224N']","['3126E', '3624E']",50,22.24,36.24
2010,Jun,Senegal,['2901N'],['0853W'],303,29.01,-08.53
2010,Jun,Morocco,['2901N'],['0853W'],303,29.01,-08.53
2010,Jun,Algeria,"['2753N', '2741N', '3011N', '2712N', '2250N', '2434N', '1830N', '1932N']","['0017W', '0811W', '0214W', '0229E', '0528E', '0930E', '3149E', '3320E']",350,19.32,33.20
2010,Jun,Arabia,"['2247N', '2115N', '2155N', '2731N', '2621N', '1819N']","['3901E', '4021E', '4202E', '4141E', '4358E', '4245E']",5,18.19,42.45
2011,Jun,Algeria,"['3011N', '3003N', '2753N', '2250N']","['0214W', '0201W', '0017W', '0528E']",65,22.50,05.28
2011,Jun,Morocco,"['3232N', '3318N', '2724N']","['0159W', '0200W', '0904W']",153,27.24,-09.04
2011,Jun,Arabia,"['2008N', '2501N']","['4016E', '3716E']",900,25.01,37.16
2011,Jun,Iran,"['2707N', '2712N', '2540N', '2517N']","['6140E', '6042E', '5746E', '6036E']",3,25.17,60.36
2011,Jun,Egypt,"['2308N', '2224N', '2317N', '2933N', '2832N', '2822N', '2924N', '2652N']","['3535E', '3624E', '3252E', '6601E', '6526E', '7020E', '7147E', '7055E']",2905,26.52,70.55
2011,Jun,Pakistan,"['2933N', '2832N', '2822N', '2924N', '2652N']","['6601E', '6526E', '7020E', '7147E', '7055E']",2905,26.52,70.55
2012,Jun,Niger,"['1843N', '1859N', '1846N', '1700N', '1458N', '1602N']","['0721E', '1253E', '1304E', '0756E', '0852E', '1112E']",960,16.02,11.12
2012,Jun,Algeria,"['2630N', '2452N', '2434N', '1937N']","['0825E', '0826E', '0930E', '0552E']",987,19.37,05.52
2013,Jun,Morocco,"['2859N', '3128N', '3207N']","['1003W', '0410W', '0113W']",3227,32.07,-01.13
2013,Jun,Libya,"['2555N', '2704N']","['1355E', '1425E']",1990,27.04,14.25
2013,Jun,Egypt,"['3108N', '2903N', '2752N', '2317N', '2219N', '2710N', '2530N', '2525N', '2448N']","['3348E', '3306E', '3413E', '3252E', '3138E', '2818E', '2900E', '3034E', '3035E']",1230,24.48,30.35
2013,Jun,Arabia,"['2823N', '2125N', '2000N', '1813N', '1729N', '2008N', '1909N', '2621N']","['3635E', '3949E', '4236E', '4230E', '74408E', '4016E', '4107E', '4358E']",23990,26.21,43.58
2013,Jun,Iran,"['2731N', '2540N', '2517N']","['5752E', '5746E', '6036E']",510,25.17,60.36
2014,Jun,Algeria,['2753N'],['0017W'],22,27.53,-00.17
2014,Jun,Sudan,"['1932N', '2147N']","['3320E', '3122E']",125,21.47,31.22
2014,Jun,Ethiopia,"['0922N', '1329N', '1407N']","['4250E', '3928E', '3843E']",1180,14.07,38.43
2014,Jun,Arabia,"['2542N', '2731N', '2621N', '2115N', '2115N', '1813N']","['3917E', '4141E', '4358E', '4252E', '4021E', '4230E']",17800,18.13,42.30
2014,Jun,Oman,"['2314N', '2415N', '2551N', '2223N', '1736N']","['5630E', '5547E', '5616E', '5731E', '5401E']",56,17.36,54.01
2014,Jun,Iran,"['2540N', '2517N', '2711N']","['5746E', '6036E', '6028E']",18000,27.11,60.28
2016,Jun,Mauritania,"['2244N', '1833N', '1758N']","['1221W', '1126W', '1215W']",375,17.58,-12.15
2016,Jun,Algeria,['2753N'],['0017W'],38,27.53,-00.17
2016,Jun,Yemen,"['1559N', '1452N', '1609N', '1405N', '1521N', '1306N', '1333N', '1401N']","['4844E', '4545E', '4447E', '4542E', '4412E', '4523E', '4644E', '4820E']",355,14.01,48.20
2017,Jun,Algeria,"['2753N', '2250N']","['0017W', '0528E']",70,22.50,05.28
2018,Jun,ALGERIA,"['2916N', '3034N', '2712N', '2630N', '2250N']","['0014E', '0252E', '0229E', '0825E', '0528E']",581,22.50,05.28
2019,Jun,ALGERIA,"['3341N', '2753N', '2712N', '2250N', '3135N']","['0102E', '0017W', '0229E', '0528E', '0217W']",399,31.35,-02.17
2019,Jun,SUDAN,"['1932N', '1910N', '1533N']","['3320E', '3027E', '3235E']",3,15.33,32.35
2019,Jun,EGYPT,"['2247N', '2405N', '2448N', '2357N', '2525N']","['3126E', '3256E', '3035E', '3018E', '3034E']",604,25.25,30.34
2019,Jun,SAUDI ARABIA,"['2028N', '2948N', '2823N', '2731N', '2439N', '2733N', '1813N']","['4747E', '3952E', '3635E', '4141E', '4642E', '4742E', '4230E']",39,18.13,42.30
2019,Jun,YEMEN,"['1521N', '1358N', '1609N', '1452N', '1250N', '1600N']","['4412E', '4411E', '4446E', '4545E', '4503E', '4312E']",5,16.00,43.12
2019,Jun,IRAN,"['2540N', '3231N']","['5746E', '4722E']",247,32.31,47.22
2019,Jun,PAKISTAN,"['2614N', '2600N', '2508N', '2856N', '2739N', '2751N']","['6619E', '6303E', '6219E', '6430E', '6857E', '7048E']",8,27.51,70.48
2019,Jun,INDIA,"['2706N', '2649N']","['7222E', '7030E']",3,26.49,70.30
2020,Jun,ETHIOPIA,"['0550N', '0813N', '0935N', '1045N', '0922N', '1009N', '1230N', '1329N', '1417N']","['4205E', '4333E', '4150E', '4234E', '4250E', '4039E', '3931E', '3928E', '3928E']",75,14.17,39.28
2020,Jun,SOMALIA,"['0956N', '0931N', '0824N', '0646N', '0532N', '0931N']","['4313E', '4533E', '4829E', '4725E', '4623E', '4402E']",19,09.31,44.02
2020,Jun,KENYA,[],[],30,Missing,Missing
2020,Jun,SAUDI ARABIA,"['2948N', '2731N', '1729N', '2028N', '1819N']","['3952E', '4141E', '4408E', '4747E', '4245E']",5,18.19,42.45
2020,Jun,YEMEN,"['1610N', '1452N', '1559N', '1521N', '1335N', '1250N', '1522N', '1727N']","['4446E', '4545E', '4844E', '4412E', '4401E', '4503E', '4700E', '5034E']",343,17.27,50.34
2020,Jun,OMAN,"['2255N', '2232N', '1700N']","['5731E', '5948E', '5405E']",126,17.00,54.05
2020,Jun,UAE,"['2427N', '2308N']","['5421E', '5348E']",198,23.08,53.48
2020,Jun,IRAN,"['2721N', '3235N']","['6220E', '5948E']",67,32.35,59.48
2020,Jun,PAKISTAN,"['3150N', '2421N']","['7055E', '7045E']",47,24.21,70.45
2020,Jun,INDIA,"['2519N', '2801N', '2543N', '2618N']","['8300E', '7322E', '7125E', '7308E']",72,26.18,73.08
2020,Jun,AFGHANISTAN,['3100N'],['6624E'],2,31.00,66.24
2021,Jun,ALGERIA,"['3034N', '2753N', '2643N', '2712N']","['0252E', '0017W', '0010E', '0229E']",351,27.12,02.29
2021,Jun,SUDAN,"['1533N', '1910N', '1803N', '1527N', '1426N', '1554N', '1830N']","['3235E', '3027E', '3057E', '3623E', '3112E', '3027E', '3149E']",330,18.30,31.49
2021,Jun,ETHIOPIA,"['1045N', '1148N', '1111N']","['4234E', '4100E', '4010E']",6,11.11,40.10
2021,Jun,DJIBOUTI,"['1109N', '1118N', '1100N']","['4242E', '4255E', '4206E']",10,11.00,42.06
2021,Jun,SOMALIA,"['0956N', '0931N', '0930N']","['4313E', '4533E', '4905E']",80,09.30,49.05
2021,Jun,SAUDI ARABIA,"['3119N', '2405N', '2823N', '2115N', '2000N', '1819N', '1813N']","['3721E', '3802E', '3635E', '4021E', '4236E', '4245E', '4230E']",2,18.13,42.30
2021,Jun,YEMEN,"['1435N', '1452N', '1608N', '1522N', '1650N', '1717N', '1719N', '1610N', '1521N', '1656N']","['4649E', '4545E', '4714E', '4700E', '4812E', '4955E', '5205E', '4446E', '4412E', '4345E']",5,16.56,43.45
2010,Mar,Arabia,"['2130N', '2247N']","['3910E', '3901E']",153,22.47,39.01
2011,Mar,Mauritania,"['2050N', '1945N', '2003N', '2056N']","['1530W', '1421W', '1301W', '1137W']",4768,20.56,-11.37
2011,Mar,Algeria,"['2753N', '2250N', '2434N', '2630N', '3011N', '2741N']","['0017W', '0528E', '0930E', '0825E', '0214W', '0811W']",290,27.41,-08.11
2011,Mar,Morocco,"['3128N', '3207N', '2859N', '2137N']","['0410W', '0113W', '1003W', '1453W']",314,21.37,-14.53
2011,Mar,Sudan,"['1938N', '1906N', '1734N']","['3713E', '3719E', '3358E']",3740,17.34,33.58
2011,Mar,Eritrea,"['1633N', '1723N', '1745N', '1551N']","['3908E', '3833E', '3820E', '3903E']",720,15.51,39.03
2011,Mar,Egypt,"['2308N', '2224N']","['3535E', '3624E']",2228,22.24,36.24
2011,Mar,Arabia,"['1909N', '2405N', '2008N']","['4107E', '3802E', '4016E']",28960,20.08,40.16
2012,Mar,Algeria,"['2434N', '2630N', '2753N', '2741N']","['0930E', '0825E', '0017W', '0811W']",1450,27.41,-08.11
2012,Mar,Libya,['2459N'],['1011E'],3665,24.59,10.11
2013,Mar,Morocco,"['2607N', '2508N', '2353N', '2223N', '2233N', '2826N', '3128N', '3207N']","['1429W', '1222W', '1431W', '1502W', '1419W', '1106W', '0410W', '0113W']",290,32.07,-01.13
2013,Mar,Sudan,"['1827N', '2147N', '1734N', '1910N', '2154N']","['3741E', '3122E', '3358E', '3027E', '2458E']",44948,21.54,24.58
2013,Mar,Egypt,"['2359N', '3121N', '3132N']","['3524E', '3418E', '3506E']",16,31.32,35.06
2013,Mar,Palestine,"['3121N', '3132N']","['3418E', '3506E']",16,31.32,35.06
2013,Mar,Jordan,"['2932N', '3157N']","['3500E', '3554E']",16,31.57,35.54
2013,Mar,Arabia,"['2309N', '2008N', '2501N', '2719N', '2542N', '1909N']","['3851E', '4016E', '3716E', '3546E', '3917E', '4107E']",10939,19.09,41.07
2014,Mar,Algeria,"['2753N', '2741N', '3011N', '3316N', '2712N', '2250N']","['0017W', '0811W', '0214W', '0018W', '0229E', '0528E']",1,22.50,05.28
2014,Mar,Sudan,"['2002N', '2119N', '1810N', '1745N', '1932N']","['3551E', '3613E', '3816E', '3820E', '3320E']",450,19.32,33.20
2014,Mar,Eritrea,"['1528N', '1507N', '1454N']","['3953E', '4004E', '4018E']",160,14.54,40.18
2014,Mar,Ethiopia,"['0922N', '0930N', '0935N', '1045N']","['4250E', '4242E', '4150E', '4234E']",190,10.45,42.34
2014,Mar,Arabia,"['2008N', '1909N', '2125N', '2115N', '2405N', '2615N', '2501N', '2823N', '1813N', '2948N', '2542N', '2621N', '2000N', '1729N']","['4016E', '4107E', '3949E', '4021E', '3802E', '3627E', '3716E', '3635E', '4230E', '3952E', '3917E', '4358E', '4236E', '4408E']",23277,17.29,44.08
2014,Mar,Yemen,"['1541N', '1619N', '1600N', '1450N', '1521N', '1302N', '1303N', '1306N']","['4300E', '4248E', '4312E', '4258E', '4412E', '4434E', '4453E', '4523E']",4,13.06,45.23
2014,Mar,Oman,"['2314N', '2415N', '2223N', '2230N']","['5630E', '5547E', '5731E', '5802E']",4,22.30,58.02
2015,Mar,Sudan,"['1810N', '1906N', '1827N']","['3816E', '3719E', '3741E']",12451,18.27,37.41
2015,Mar,Eritrea,"['1723N', '1745N', '1628N', '1626N', '1618N']","['3833E', '3820E', '3856E', '3840E', '3724E']",1414,16.18,37.24
2015,Mar,Arabia,"['2309N', '2405N', '2008N', '2346N', '2621N', '2731N']","['3851E', '3802E', '4016E', '3847E', '4358E', '4141E']",440,27.31,41.41
2016,Mar,Mauritania,"['2244N', '2510N']","['1221W', '1135W']",659,25.10,-11.35
2016,Mar,Morocco,"['2137N', '2233N', '2233N', '2223N']","['1453W', '1419W', '1419W', '1502W']",5095,22.23,-15.02
2017,Mar,Ethiopia,"['2508N', '2406N', '2644N', '2707N']","['1222W', '1316W', '1140W', '1112W']",20,27.07,-11.12
2017,Mar,Morocco,"['2508N', '2406N', '2644N', '2707N']","['1222W', '1316W', '1140W', '1112W']",20,27.07,-11.12
2019,Mar,SUDAN,"['1745N', '2034N']","['3820E', '3702E']",25,20.34,37.02
2019,Mar,ERITREA,"['1537N', '1628N', '1723N']","['3928E', '3856E', '3833E']",7,17.23,38.33
2019,Mar,EGYPT,"['2224N', '2213N', '2359N', '412N', '2504N', '2717N', '2154N']","['3624E', '3638E', '3524E', '3438E', '3454E', '3347E', '2458E']",4,21.54,24.58
2019,Mar,SAUDI ARABIA,"['2501N', '2008N', '2215N', '2700N', '2621N']","['3716E', '4016E', '3906E', '4939E', '4358E']",45,26.21,43.58
2019,Mar,IRAN,"['2708N', '2517N', '2854N', '2634N', '2652N']","['5705E', '6036E', '5050E', '5452E', '5329E']",2,26.52,53.29
2019,Mar,PAKISTAN,"['2548N', '2515N', '2749N']","['6637E', '6328E', '6639E']",345,27.49,66.39
2020,Mar,SUDAN,"['1932N', '1832N', '1910N', '2122N']","['3320E', '3148E', '3027E', '2119E']",870,21.22,21.19
2020,Mar,ERITREA,"['1441N', '1507N', '1537N']","['4057E', '4004E', '3928E']",5,15.37,39.28
2020,Mar,ETHIOPIA,['0935N'],['4150E'],39,09.35,41.50
2020,Mar,KENYA,[],[],33,Missing,Missing
2020,Mar,UGANDA,"['0231N', '0318N']","['3439E', '3253E']",607,03.18,32.53
2020,Mar,EGYPT,"['2412N', '2224N']","['3438E', '3624E']",15,22.24,36.24
2020,Mar,SAUDI ARABIA,"['1909N', '2523N', '2733N', '2731N', '2948N', '4331N']","['4107E', '4935E', '4742E', '4141E', '3952E', '2938E']",10,43.31,29.38
2020,Mar,YEMEN,"['1450N', '1454N', '1541N', '1600N', '1302N', '1306N', '1333N', '1612N', '1746N', '1719N']","['4258E', '4312E', '4300E', '4312E', '4434E', '4523E', '4644E', '5210E', '5229E', '5205E']",3,17.19,52.05
2020,Mar,OMAN,"['2337N', '2333N', '2415N', '2243N', '2223N', '1939N', '1808N', '2314N', '1736N']","['5833E', '5733E', '5547E', '5831E', '5731E', '5743E', '5516E', '5630E', '5401E']",1,17.36,54.01
2020,Mar,IRAQ,"['3117N', '3031N']","['4516E', '4749E']",1,30.31,47.49
2020,Mar,PAKISTAN,"['2749N', '2933N', '2856N', '2832N', '2744N', '2658N', '2600N', '2515N', '2742N', '7055N', '2751N']","['6639E', '6601E', '6430E', '6526E', '6448E', '6406E', '6303E', '6328E', '6854E', '3150E', '7048E']",27,27.51,70.48
2020,Mar,IRAN,"['2657N', '2708N', '2540N', '2517N', '2711N']","['5527E', '5705E', '5746E', '6036E', '6028E']",39,27.11,60.28
2021,Mar,SUDAN,"['1827N', '1906N', '1745N', '2002N', '1641N', '1803N']","['3741E', '3719E', '3820E', '3551E', '3322E', '3057E']",7,18.03,30.57
2021,Mar,ERITREA,"['1723N', '1548N', '1357N']","['3833E', '3918E', '4138E']",100,13.57,41.38
2021,Mar,SOMALIA,"['1040N', '1017N', '0956N']","['4720E', '5014E', '4313E']",12,09.56,43.13
2021,Mar,TANZANIA,"['0322S', '0244N']","['3642E', '3642E']",236,02.44,36.42
2021,Mar,SAUDI ARABIA,"['2215N', '2615N', '2731N', '2439N', '2733N', '2621N']","['3906E', '3627E', '4141E', '4642E', '4742E', '4358E']",50,26.21,43.58
2021,Mar,IRAN,"['2854N', '3224N']","['5050E', '4824E']",1,32.24,48.24
2010,May,Jamahiriya,"['2704N', '2638N', '2459N', '2411N', '3127N', '3010N', '3000N']","['1425E', '1321E', '1011E', '2315E', '1259E', '0930E', '1200E']",40,30.00,12.00
2010,May,Algeria,"['3011N', '2753N', '2712N', '2741N', '2250N', '2434N']","['0214W', '0017W', '0229E', '0811W', '0528E', '0930E']",348,24.34,09.30
2010,May,Morocco,"['2836N', '3019N', '3128N', '3207N']","['0926W', '0550W', '0410W', '0113W']",1495,32.07,-01.13
2011,May,Mauritania,"['2034N', '2119N', '2032N']","['1531W', '1420W', '1308W']",5544,20.32,-13.08
2011,May,Algeria,"['2905N', '3011N', '2753N']","['0106W', '0214W', '0017W']",274,27.53,-00.17
2011,May,Morocco,"['2859N', '3128N', '3207N', '2137N', '2120N', '2724N']","['1003W', '0410W', '0113W', '1453W', '1523W', '0904W']",542,27.24,-09.04
2011,May,Egypt,"['2308N', '2224N', '2504N', '2317N']","['3535E', '3624E', '3454E', '3252E']",65,23.17,32.52
2011,May,Iran,['2757N'],['5742E'],6700,27.57,57.42
2011,May,Pakistan,"['2832N', '2711N']","['6526E', '7344E']",5665,27.11,73.44
2012,May,Algeria,"['2630N', '2452N', '2250N', '2753N', '2712N']","['0825E', '0826E', '0528E', '0017W', '0229E']",31201,27.12,02.29
2012,May,Libya,"['3010N', '2459N']","['0930E', '1011E']",10910,24.59,10.11
2013,May,Algeria,"['3135N', '3245N', '2753N', '2741N', '2250N', '2434N', '2630N']","['0217W', '0035W', '0017W', '0811W', '0528E', '0930E', '0825E']",6864,26.30,08.25
2013,May,Morocco,"['2859N', '2944N', '3128N', '3207N']","['1003W', '0758W', '0410W', '0113W']",1932,32.07,-01.13
2013,May,Sudan,"['2147N', '1932N']","['3122E', '3320E']",1415,19.32,33.20
2013,May,Egypt,"['3108N', '2833N', '2902N', '2609N', '2317N', '2247N']","['3348E', '3358E', '3440E', '3243E', '3252E', '3126E']",1184,22.47,31.26
2013,May,Israel,"['3053N', '3112N']","['3425E', '3432E']",14100,31.12,34.32
2013,May,Arabia,"['2830N', '2823N', '2542N', '2731N', '2621N']","['3500E', '3635E', '3917E', '4141E', '4358E']",17003,26.21,43.58
2014,May,Algeria,"['2753N', '2630N']","['0017W', '0825E']",40,26.30,08.25
2014,May,Sudan,"['2002N', '2119N', '1932N', '1910N', '1830N', '1801N', '1734N']","['3551E', '3613E', '3320E', '3027E', '3149E', '3400E', '3358E']",786,17.34,33.58
2014,May,Ethiopia,[],[],2372,Missing,Missing
2014,May,Arabia,"['2823N', '2542N', '2731N', '2621N', '2948N']","['3635E', '3917E', '4141E', '4358E', '3952E']",16448,29.48,39.52
2014,May,Oman,"['2314N', '2415N', '2243N', '2538N']","['5630E', '5547E', '5831E', '5615E']",4960,25.38,56.15
2014,May,UAE,"['2413N', '2348N', '2326N', '2519N']","['5543E', '5525E', '5525E', '5557E']",2500,25.19,55.57
2014,May,Iran,"['2540N', '2757N', '2711N']","['5746E', '5742E', '6028E']",2400,27.11,60.28
2016,May,Mauritania,"['2244N', '2003N']","['1221W', '1301W']",762,20.03,-13.01
2016,May,Algeria,"['2753N', '2712N', '2250N', '2630N', '2434N', '3135N', '2741N']","['0017W', '0229E', '0528E', '0825E', '0930E', '0217W', '0811W']",651,27.41,-08.11
2016,May,Morocco,"['2233N', '2136N', '2138N', '2406N', '2508N']","['1419W', '1628W', '1453W', '1316W', '1222W']",218,25.08,-12.22
2016,May,Yemen,"['1717N', '1650N', '1534N', '1608N', '1452N', '1306N', '1250N']","['4955E', '4812E', '4547E', '4714E', '4545E', '4523E', '4503E']",120,12.50,45.03
2017,May,Algeria,"['2753N', '2712N']","['0017W', '0229E']",267,27.12,02.29
2017,May,Morocco,"['2859N', '2859N']","['0950W', '1003W']",443,28.59,-10.03
2018,May,ALGERIA,"['2916N', '3034N', '2712N', '2250N', '2630N']","['0014E', '0252E', '0229E', '0528E', '0825E']",228,26.30,08.25
2019,May,ALGERIA,"['2643N', '2712N', '2630N', '3135N', '2753N', '2250N']","['0010E', '0229E', '0825E', '0217W', '0017W', '0528E']",16,22.50,05.28
2019,May,EGYPT,"['2224N', '2219N', '2247N', '2317N', '2448N', '2405N']","['3624E', '3138E', '3126E', '3252E', '3035E', '3256E']",401,24.05,32.56
2019,May,SAUDI ARABIA,"['2439N', '2621N', '2028N', '2248N', '2542N', '2731N', '2948N', '2523N', '2821N', '2501N']","['4642E', '4358E', '4747E', '4210E', '3917E', '4141E', '3952E', '4935E', '4556E', '3716E']",74,25.01,37.16
2019,May,KUWAIT,['2832N'],['4759E'],15,28.32,47.59
2019,May,JORDAN,"['3019N', '3050N']","['3610E', '3537E']",902,30.50,35.37
2019,May,IRAN,"['2657N', '2540N']","['5526E', '5746E']",346,25.40,57.46
2019,May,PAKISTAN,"['2600N', '2508N', '2548N', '2832N', '2822N']","['6303E', '6219E', '6637E', '6526E', '7020E']",3,28.22,70.20
2019,May,INDIA,"['2652N', '2706N', '2649N', '2801N']","['7055E', '7222E', '7030E', '7322E']",1,28.01,73.22
2020,May,ETHIOPIA,"['0550N', '0813N', '0935N', '1045N', '1329N']","['4205E', '4333E', '4150E', '4234E', '3928E']",57,13.29,39.28
2020,May,SOMALIA,"['0956N', '1017N', '0824N', '0646N', '0532N', '1028N', '1023N']","['4313E', '5014E', '4829E', '4725E', '4623E', '4502E', '4425E']",10,10.23,44.25
2020,May,KENYA,"['2625N', '2523N', '2028N', '1729N', '2731N', '2948N']","['5003E', '4935E', '4747E', '4408E', '4141E', '3952E']",9,29.48,39.52
2020,May,SAUDI ARABIA,"['2625N', '2523N', '2028N', '1729N', '2731N', '2948N']","['5003E', '4935E', '4747E', '4408E', '4141E', '3952E']",9,29.48,39.52
2020,May,OMAN,"['2323N', '2232N', '2415N', '2518N', '2421N']","['5725E', '5948E', '5547E', '5620E', '5644E']",1,24.21,56.44
2020,May,UAE,"['2324N', '2413N', '2445N', '2516N', '2421N']","['5525E', '5545E', '5548E', '5518E', '5136E']",4,24.21,51.36
2020,May,IRAQ,"['3236N', '3103N']","['4401E', '4616E']",101,31.03,46.16
2020,May,IRAN,"['2854N', '2634N', '2540N', '2721N', '2930N', '3235N']","['5050E', '5452E', '5746E', '6220E', '6051E', '5948E']",101,32.35,59.48
2020,May,PAKISTAN,"['2658N', '3015N', '2515N', '2739N']","['6406E', '6700E', '6328E', '6857E']",76,27.39,68.57
2020,May,INDIA,"['2627N', '2243N', '2654N', '2434N', '2109N']","['7438E', '7551E', '7548E', '8035E', '7905E']",53,21.09,79.05
2021,May,ALGERIA,"['2712N', '2643N', '2753N', '2250N', '3135N']","['0229E', '0010E', '0017W', '0528E', '0217W']",32,31.35,-02.17
2021,May,SUDAN,"['1827N', '1932N', '1910N']","['3741E', '3320E', '3027E']",2,19.10,30.27
2021,May,ETHIOPIA,"['0922N', '0644N', '1045N']","['4250E', '4416E', '4234E']",12,10.45,42.34
2021,May,SOMALIA,"['0931N', '1041N', '1028N', '1017N', '0930N', '0646N']","['4533E', '4356E', '4502E', '5014E', '4905E', '4725E']",18,06.46,47.25
2021,May,SAUDI ARABIA,"['2439N', '2731N', '2948N', '2700N', '2430N', '2637N', '1819N']","['4642E', '4141E', '3952E', '4939E', '3935E', '3755E', '4245E']",11,18.19,42.45
2021,May,JORDAN,"['3150N', '3019N', '3102N']","['3649E', '3610E', '73528E']",300,30.19,36.10
2021,May,LEBANON,"['3416N', '3410N', '3350N']","['3625E', '3625E', '3554E']",31,33.50,35.54
2021,May,IRAN,"['2934N', '3034N']","['5031E', '4911E']",6,30.34,49.11
2010,Nov,Mauritania,"['1809N', '1833N', '1929N', '2027N', '2003N', '1945N', '2119N', '2244N', '1752N']","['1558W', '1126W', '1557W', '1221W', '1301W', '1421W', '1420W', '1221W', '1219W']",400,17.52,-12.19
2010,Nov,Sudan,"['1906N', '1938N', '2002N', '2119N']","['3719E', '3713E', '551E', '3613E']",9778,21.19,36.13
2010,Nov,Oman,"['2338N', '2314N']","['5809E', '5807E']",8,23.14,58.07
2010,Nov,Pakistan,"['2733N', '2822N', '2652N', '2618N', '2543N']","['6956E', '7020E', '7055E', '7308E', '7125E']",9204,25.43,71.25
2011,Nov,Niger,[],[],95,Missing,Missing
2012,Nov,Mauritania,"['1809N', '2032N', '1833N', '1945N']","['1558W', '1308W', '1126W', '1421W']",14663,19.45,-14.21
2012,Nov,Niger,"['4N', '1650N', '1700N', '1458N', '1519N', '1457N']","['0559E', '0550E', '0756E', '0852E', '1312E', '0519E']",42819,14.57,05.19
2012,Nov,Chad,"['1714N', '1756N', '1932N']","['2132E', '1907E', '1933E']",227,19.32,19.33
2012,Nov,Algeria,"['1937N', '1957N', '2753N', '2434N', '3135N', '3225N', '3323N', '3157N']","['0552E', '0258E', '0017W', '0930E', '0217W', '0337E', '0649E', '0520E']",960,31.57,05.20
2012,Nov,Sudan,"['1533N', '2147N']","['3235E', '3122E']",26289,21.47,31.22
2012,Nov,Egypt,"['2219N', '2308N', '2525N', '2359N']","['3138E', '3535E', '3034E', '3524E']",2866,23.59,35.24
2013,Nov,Mauritania,"['1945N', '1932N', '1830N', '2032N', '2244N']","['1421W', '1512W', '13W', '1308W', '1221W']",32355,22.44,-12.21
2013,Nov,Algeria,"['2753N', '3011N', '2712N', '2250N']","['0017W', '0214W', '0229E', '0528E']",40,22.50,05.28
2013,Nov,Sudan,"['1533N', '1731N', '1830N', '1801N', '2002N', '1827N']","['3235E', '3607E', '3149E', '3400E', '3551E', '3741E']",20959,18.27,37.41
2013,Nov,Eritrea,"['1553N', '1548N', '1541N', '1612N']","['3906E', '3918E', '3925E', '3841E']",10040,16.12,38.41
2013,Nov,Ethiopia,['0935N'],['4150E'],4,09.35,41.50
2013,Nov,Arabia,"['2008N', '1909N', '1656N', '2405N', '1813N']","['4016E', '4107E', '4233E', '3802E', '4230E']",466,18.13,42.30
2014,Nov,Sudan,"['1820N', '1527N', '2034N', '1827N', '1753N', '1938N', '1906N']","['3621E', '3623E', '3701E', '3741E', '3819E', '3713E', '3719E']",75962,19.06,37.19
2014,Nov,Eritrea,"['1551N', '1548N', '1537N', '1745N', '1723N']","['3903E', '3918E', '3928E', '3820E', '3833E']",6943,17.23,38.33
2015,Nov,Mauritania,"['1758N', '1827N', '1945N', '2032N', '2244N', '2510N', '1717N']","['1215W', '1444W', '1421W', '1308W', '1221W', '1135W', '0701W']",2983,17.17,-07.01
2016,Nov,Mauritania,"['1809N', '2032N']","['1558W', '1308W']",10107,20.32,-13.08
2016,Nov,Niger,"['1650N', '1754N', '1809N']","['0550E', '0559E', '0846E']",50,18.09,08.46
2016,Nov,Algeria,"['3011N', '2753N', '2250N', '2026N']","['0214W', '0017W', '0528E', '0148E']",422,20.26,01.48
2016,Nov,Morocco,"['2136N', '2233N', '3207N']","['1628W', '1419W', '0113W']",75,32.07,-01.13
2016,Nov,Eritrea,['1553N'],['3906E'],850,15.53,39.06
2016,Nov,Yemen,"['1541N', '1619N', '1458N', '1410N', '1250N']","['4300E', '4248E', '4314E', '4318E', '4503E']",40,12.50,45.03
2018,Nov,ALGERIA,"['1937N', '2250N', '2753N']","['0552E', '0528E', '0017W']",130,27.53,-00.17
2019,Nov,ALGERIA,"['2753N', '2712N', '2630N', '2434N', '2250N', '1937N', '2119N', '1957N']","['0017W', '0229E', '0825E', '0930E', '0528E', '0552E', '0057E', '0258E']",272,19.57,02.58
2019,Nov,SUDAN,"['1554N', '1801N', '1527N', '1731N', '2054N', '1745N']","['3027E', '3400E', '3623E', '3607E', '3709E', '3820E']",27,17.45,38.20
2019,Nov,ERITREA,"['1515N', '1548N', '1551N', '1537N']","['3937E', '3918E', '3903E', '3928E']",6,15.37,39.28
2019,Nov,ETHIOPIA,"['0935N', '1045N', '0922N', '0658N', '0537N']","['4150E', '4234E', '4250E', '4520E', '4408E']",10,05.37,44.08
2019,Nov,SAUDI ARABIA,"['2008N', '1909N', '1656N', '2130N', '2309N', '2501N', '1729N', '2028N']","['4016E', '4107E', '4233E', '3910E', '3851E', '3716E', '4408E', '4747E']",7,20.28,47.47
2019,Nov,YEMEN,"['1541N', '1600N', '1303N', '1333N']","['4300E', '4312E', '4453E', '4644E']",5,13.33,46.44
2019,Nov,OMAN,"['1939N', '2323N', '2232N', '2314N']","['5743E', '5725E', '5948E', '5630E']",116,23.14,56.30
2019,Nov,IRAN,"['2534N', '2604N']","['5923E', '6144E']",1,26.04,61.44
2019,Nov,PAKISTAN,"['2450N', '2614N']","['6702E', '6619E']",60,26.14,66.19
2020,Nov,MAURITANIA,"['1809N', '1827N', '1945N', '2032N']","['1558W', '1444W', '1421W', '1308W']",258,20.32,-13.08
2020,Nov,NIGER,"['1843N', '1920N']","['0721E', '0546E']",1,19.20,05.46
2020,Nov,ALGERIA,"['1934N', '2250N', '2753N']","['0546E', '0528E', '0017W']",167,27.53,-00.17
2020,Nov,SUDAN,"['1731N', '1820N', '2002N', '2119N', '2146N', '1827N', '2009N', '1533N', '1910N', '1932N']","['3607E', '3621E', '3551E', '3613E', '3651E', '3741E', '3706E', '3235E', '3027E', '3320E']",66,19.32,33.20
2020,Nov,ERITREA,"['1640N', '1357N', '1441N', '1551N', '1616N', '1626N']","['3828E', '4138E', '4057E', '3903E', '3911E', '3840E']",8,16.26,38.40
2020,Nov,ETHIOPIA,"['1108N', '1329N', '0922N', '0557N']","['3938E', '3928E', '4250E', '4333E']",85,05.57,43.33
2020,Nov,SOMALIA,"['0956N', '0931N', '0931N', '1040N', '1023N', '0824N', '0930N', '0320N']","['4313E', '4402E', '4533E', '4720E', '4425E', '4829E', '4905E', '4213E']",30,03.20,42.13
2020,Nov,KENYA,"['0324S', '0145N']","['3833E', '4003E']",167,01.45,40.03
2020,Nov,EGYPT,"['2213N', '2308N', '2504N', '2247N', '2219N', '3131N']","['3638E', '3535E', '3454E', '3126E', '3138E', '2509E']",1,31.31,25.09
2020,Nov,SAUDI ARABIA,"['1813N', '1729N', '2439N', '2625N', '2130N', '2125N', '2346N', '2115N', '2309N', '1909N']","['4230E', '4408E', '4642E', '5003E', '3910E', '3949E', '3847E', '4021E', '3851E', '4107E']",5,19.09,41.07
2020,Nov,YEMEN,"['1600N', '1410N', '1521N', '1610N', '1452N', '1302N', '1306N', '1333N', '1401N', '1416N']","['4312E', '4318E', '4412E', '4446E', '4545E', '4434E', '4523E', '4644E', '4820E', '4735E']",335,14.16,47.35
2020,Nov,IRAN,"['2540N', '2636N', '2854N']","['5746E', '5753E', '5050E']",79,28.54,50.50
2021,Nov,EGYPT,['2308N'],['3535E'],100,23.08,35.35
2021,Nov,ERITREA,"['1454N', '1616N']","['4018E', '3911E']",97,16.16,39.11
2021,Nov,ETHIOPIA,"['0813N', '0550N', '0445N', '0403N', '0504N']","['4333E', '4205E', '3849E', '3819E', '3723E']",2,05.04,37.23
2021,Nov,SOMALIA,"['0930N', '0956N', '0956N', '0646N']","['4905E', '4313E', '4511E', '4725E']",18,06.46,47.25
2021,Nov,SUDAN,"['1803N', '1801N', '2009N']","['3057E', '3400E', '3706E']",17,20.09,37.06
2010,Oct,Mauritania,"['1614N', '1638N', '1833N', '1809N', '1818N', '1945N', '2032N', '2027N']","['0809W', '1124W', '1126W', '1558W', '1231W', '1421W', '1308W', '1221W']",24,20.27,-12.21
2010,Oct,Pakistan,['2733N'],['6956E'],4330,27.33,69.56
2010,Oct,India,[],[],4330,Missing,Missing
2011,Oct,Mali,['1926N'],['0022W'],1200,19.26,-00.22
2012,Oct,Mauritania,"['1717N', '1714N', '1833N', '1945N', '1809N']","['0701W', '1040W', '1126W', '1421W', '1558W']",2905,18.09,-15.58
2012,Oct,Niger,"['1457N', '1458N', '1700N', '1806N', '1519N', '1843N']","['0519E', '0852E', '0756E', '1134E', '1312E', '0721E']",7574,18.43,07.21
2012,Oct,Chad,"['1523N', '1714N', '1406N']","['1800E', '2132E', '1511E']",1777,14.06,15.11
2012,Oct,Sudan,"['1554N', '1641N', '1423N', '1426N', '1910N', '1820N']","['3027E', '3322E', '2906E', '3112E', '3027E', '3621E', '3551E']",1804,18.20,36.21
2013,Oct,Mauritania,"['1809N', '1833N', '2032N', '2034N']","['1558W', '1126W', '1308W', '1531W']",2990,20.34,-15.31
2013,Oct,Niger,"['1843N', '1754N', '1658N', '1651N', '1318N']","['0721E', '0559E', '0759E', '0701E', '1236E']",110,13.18,12.36
2013,Oct,Sudan,"['1910N', '1742N', '1527N', '1731N', '1827N']","['3027E', '3400E', '3623E', '3607E', '3741E', '3551E']",240,18.27,37.41
2013,Oct,Arabia,"['2008N', '1909N', '1729N', '1656N', '2247N', '2346N']","['4016E', '4107E', '4408E', '4233E', '3901E', '3847E']",210,23.46,38.47
2014,Oct,Eritrea,['1553N'],['3906E'],8,15.53,39.06
2014,Oct,Ethiopia,"['1123N', '1230N']","['4052E', '3947E']",63,12.30,39.47
2014,Oct,Egypt,"['2219N', '2317N', '2359N']","['3138E', '3252E', '3524E']",82,23.59,35.24
2016,Oct,Mauritania,"['1833N', '2032N', '2003N', '1636N', '1717N']","['1126W', '1308W', '1301W', '0715W', '0701W']",8187,17.17,-07.01
2016,Oct,Algeria,"['3011N', '2753N', '2250N', '2119N', '2026N']","['0214W', '0017W', '0528E', '0057E', '0148E']",280,20.26,01.48
2016,Oct,Morocco,"['2800N', '3019N', '3232N', '3207N', '2233N', '2136N']","['0920W', '0550W', '0159W', '0113W', '1419W', '1628W']",72,21.36,-16.28
2016,Oct,Sudan,"['1653N', '1554N', '1527N', '1731N', '1423N', '1742N', '1910N']","['3139E', '3027E', '3623E', '3607E', '2906E', '3400E', '3027E']",2900,19.10,30.27
2016,Oct,Eritrea,"['1551N', '1633N']","['3903E', '3908E', '8E']",30,16.33,39.08
2016,Oct,Ethiopia,[],[],30,Missing,Missing
2016,Oct,Arabia,"['1656N', '2008N', '1909N']","['4233E', '4016E', '4107E']",3420,19.09,41.07
2019,Oct,NIGER,"['1650N', '1905N', '1809N']","['0550E', '0824E', '0846E']",29,18.09,08.46
2019,Oct,ALGERIA,"['2630N', '2434N', '2250N', '1937N', '2643N', '2712N', '2119N']","['0825E', '0930E', '0528E', '0552E', '0010E', '0229E', '0057E']",15,21.19,00.57
2019,Oct,SUDAN,"['1533N', '1910N', '1731N', '1820N', '1426N', '1527N']","['3235E', '3027E', '3607E', '3621E', '3112E', '3623E']",3,15.27,36.23
2019,Oct,ETHIOPIA,"['1111N', '0935N', '1045N', '1329N', '1407N', '0813N', '0658N', '0644N']","['4001E', '4150E', '4234E', '3928E', '3843E', '4333E', '4520E', '4416E']",4,06.44,44.16
2019,Oct,SAUDI ARABIA,"['1656N', '2008N']","['4233E', '4016E']",1,20.08,40.16
2019,Oct,YEMEN,"['1541N', '1600N', '1458N', '1410N', '1303N', '1333N', '1302N', '1452N', '1542N', '1521N']","['4300E', '4312E', '4314E', '4318E', '4453E', '4644E', '4434E', '4545E', '4817E', '4412E']",32,15.21,44.12
2019,Oct,PAKISTAN,['2614N'],['6619E'],29,26.14,66.19
2019,Oct,INDIA,"['2543N', '2801N', '2312N']","['7125E', '7322E', '6954E']",82,23.12,69.54
2020,Oct,SUDAN,"['1820N', '1932N', '1827N', '1745N', '2002N', '2119N']","['3621E', '3320E', '3741E', '3820E', '3551E', '3613E']",52,21.19,36.13
2020,Oct,ERITREA,"['1604N', '1441N', '1723N', '1551N', '1515N', '1519N']","['3725E', '4057E', '3833E', '3903E', '3937E', '3856E']",10,15.19,38.56
2020,Oct,ETHIOPIA,"['1108N', '1329N', '1148N', '0935N', '0922N', '0644N', '0901N', '0832N', '1407N', '0658N']","['3938E', '3928E', '4100E', '4150E', '4250E', '4416E', '3916E', '3843E', '4520E']",335,06.58,45.20
2020,Oct,SOMALIA,"['0824N', '0930N', '0444N', '0202N', '0532N', '0646N', '0956N', '0931N']","['4829E', '4905E', '4512E', '4520E', '4623E', '4725E', '4313E', '4402E']",12,09.31,44.02
2020,Oct,KENYA,[],[],318,Missing,Missing
2020,Oct,SAUDI ARABIA,"['1656N', '1909N', '2008N', '2346N']","['4233E', '4107E', '4016E', '3847E']",21,23.46,38.47
2020,Oct,YEMEN,"['1610N', '1452N', '1435N', '1416N', '1522N', '1521N', '1358N', '1341N', '1405N', '1541N', '1600N', '1410N']","['4446E', '4545E', '4649E', '4735E', '4700E', '4412E', '4411E', '4443E', '4542E', '4300E', '4312E', '4318E']",4,14.10,43.18
2020,Oct,IRAN,"['2540N', '2636N']","['5746E', '5753E']",4,26.36,57.53
2020,Oct,PAKISTAN,"['2507N', '2523N', '2751N', '2548N']","['7015E', '6821E', '7048E', '6637E']",220,25.48,66.37
2021,Oct,ETHIOPIA,"['1136N', '1148N', '0935N', '0922N', '0658N', '0644N', '0550N', '0518N', '0515N']","['4001E', '4100E', '4150E', '4250E', '4520E', '4416E', '4205E', '4245E', '4444E']",138,05.15,44.44
2021,Oct,SOMALIA,"['0930N', '0824N', '0931N', '0444N']","['4905E', '4829E', '4533E', '4512E']",7,04.44,45.12
2021,Oct,SUDAN,"['1438N', '1554N', '1426N', '1641N', '1910N', '1527N', '1855N']","['2756E', '3027E', '3112E', '3322E', '3027E', '3623E', '3648E']",346,18.55,36.48
2010,Sep,Pakistan,"['2822N', '2548N', '2924N', '2742N', '2726N', '2652N']","['7020E', '6637E', '7147E', '6854E', '6948E', '7055E']",900,26.52,70.55
2012,Sep,Sudan,"['1438N', '1426N', '1742N', '1932N', '1830N', '1910N', '1731N', '1820N']","['2756E', '3112E', '3400E', '3320E', '3149E', '3027E', '3607E', '3621E']",41,18.20,36.21
2013,Sep,Yemen,"['1609N', '1527N', '1452N', '1608N', '1717N', '1559N', '1600N', '1302N', '1333N', '1401N']","['4447E', '4519E', '4545E', '4714E', '4955E', '4844E', '4312E', '4434E', '4644E', '4820E']",5000,14.01,48.20
2014,Sep,Algeria,['2753N'],['0017W'],41,27.53,-00.17
2014,Sep,Ethiopia,['1123N'],['4052E'],134,11.23,40.52
2016,Sep,Mauritania,"['1639N', '1636N', '1827N', '2032N']","['0936W', '0715W', '1444W', '1308W']",263,20.32,-13.08
2016,Sep,Mali,['1510N'],['0717W'],810,15.10,-07.17
2016,Sep,Ethiopia,"['1045N', '1216N']","['4234E', '4021E']",1,12.16,40.21
2016,Sep,Somalia,"['1037N', '0956N']","['4304E', '4313E']",53,09.56,43.13
2016,Sep,Arabia,"['1656N', '2125N']","['4233E', '3949E']",3000,21.25,39.49
2016,Sep,Yemen,"['1430N', '435N', '1452N', '1527N', '1250N', '1430N', '1600N', '1521N']","['4629E', '4649E', '4545E', '4519E', '4503E', '4317E', '4312E', '4412E']",50,15.21,44.12
2017,Sep,Algeria,"['2753N', '2250N']","['0017W', '0528E']",34,22.50,05.28
2018,Sep,ALGERIA,"['2643N', '2753N', '2916N', '2712N', '2630N']","['0010E', '0017W', '0014E', '0229E', '0825E']",406,26.30,08.25
2019,Sep,ERITREA,"['1537N', '1548N', '1507N', '1551N']","['3928E', '3918E', '4004E', '3903E']",53,15.51,39.03
2019,Sep,ETHIOPIA,"['1111N', '0935N', '1045N']","['4001E', '4150E', '4234E']",4,10.45,42.34
2019,Sep,SAUDI ARABIA,"['1656N', '2008N']","['4233E', '4016E']",4,20.08,40.16
2019,Sep,YEMEN,"['1541N', '1619N', '1410N', '1527N', '1430N']","['4300E', '4248E', '4318E', '4519E', '4629E']",245,14.30,46.29
2019,Sep,PAKISTAN,"['2751N', '2742N', '2542N', '2421N']","['7048E', '6854E', '7012E', '7045E']",30,24.21,70.45
2019,Sep,INDIA,"['2543N', '2801N']","['7125E', '7322E']",84,28.01,73.22
2020,Sep,SUDAN,"['1827N', '1820N', '1731N', '1337N', '1423N', '1426N', '1641N', '1910N']","['3741E', '3621E', '3607E', '2522E', '2906E', '3112E', '3322E', '3027E']",9,19.10,30.27
2020,Sep,ERITREA,"['1519N', '1612N', '1626N', '1515N', '1507N', '1301N', '1551N', '1604N', '1615N', '1723N']","['3856E', '3841E', '3840E', '3937E', '4004E', '4247E', '3903E', '3725E', '3803E', '3833E']",5,17.23,38.33
2020,Sep,ETHIOPIA,"['1108N', '1329N', '1148N', '0935N', '0703N', '0922N', '0644N', '0557N', '1100N', '1157N']","['3938E', '3928E', '4100E', '4150E', '3828E', '4250E', '4416E', '4333E', '4206E', '4317E']",57,11.57,43.17
2020,Sep,SOMALIA,"['0931N', '0930N', '1040N', '1017N', '0956N', '0532N']","['4402E', '4905E', '4720E', '5014E', '4313E', '4623E']",17,05.32,46.23
2020,Sep,KENYA,[],[],2,Missing,Missing
2020,Sep,SAUDI ARABIA,"['1729N', '1656N']","['4408E', '4233E']",14,16.56,42.33
2020,Sep,YEMEN,"['1610N', '1527N', '1452N', '1430N', '1559N', '1306N', '1521N', '1541N', '1600N']","['4446E', '4519E', '4545E', '4629E', '4844E', '4523E', '4412E', '4300E', '4312E']",5,16.00,43.12
2020,Sep,PAKISTAN,"['2523N', '2507N', '2924N', '2751N', '2548N']","['6822E', '7015E', '7147E', '7048E', '6637E']",3,25.48,66.37
2021,Sep,ETHIOPIA,"['1148N', '1136N', '1329N', '0935N', '1045N', '0922N']","['4100E', '4001E', '3928E', '4150E', '4234E', '4250E']",3,09.22,42.50
2021,Sep,SOMALIA,"['0956N', '0931N', '1040N', '1017N', '1058N']","['4313E', '4402E', '4720E', '5014E', '4326E']",9,10.58,43.26
2021,Sep,SUDAN,"['1311N', '1554N', '1527N', '1803N', '1910N', '2147N']","['3010E', '3027E', '3623E', '3057E', '3027E', '3122E']",1,21.47,31.22
